idProcedure	kodeprocedure	namaprocedure	idPerusahaan	creator	modifier	tgl_creator	tgl_modifier	document	file_pendukung
1427	BIS-01	PROSEDUR PERENCANAAN STRATEGIS PERUSAHAAN	KS	1		2013-10-01 00:00:00			
1428	BIS-02	PERENCANAAN TAHUNAN PERUSAHAAN	KS	1		2013-10-01 00:00:00			
1429	BIS-03	PROSEDUR PENJABARAN SASARAN TAHUNAN	KS	1		2013-10-01 00:00:00			
1430	BIS-04	PERSIAPAN PENGEMBANGAN BISNIS	KS	1		2013-10-01 00:00:00			
1431	BNC-01	TRADING	KS	1		2013-10-01 00:00:00			
1432	BNC-02	PENJUALAN JASA MANAJEMEN DAN TEKNOLOGI	KS	1		2013-10-01 00:00:00			
1433	BNC-03	PENJUALAN BY PRODUCT	KS	1		2013-10-01 00:00:00			
1434	CPB/3/BP/001	EVALUASI DAN INTEGRASI DRAFT RJPP ANAK PERUSAHAAN	KS	1		2013-10-01 00:00:00			
1435	CPB/3/SB/001	PENGELOLAAN DOKUMEN DAN SHARING PENGETAHUAN MENGGUNAKAN KNOWLEDGE TREE	KS	1		2013-10-01 00:00:00			
1436	CPB/3/SB/002	PENYUSUNAN FEASIBILITY STUDY PROYEK STRATEGIS	KS	1		2013-10-01 00:00:00			
1437	CPB/3/TM/001	SELEKSI ANGGARAN PEMBANGUNAN RUTIN	KS	1		2013-10-01 00:00:00			
1438	DP06 CP00 001	PENYECRAPAN DAN RECYCLING HASIL PRODUKSI HSM & CRM	KS	1		2013-10-01 00:00:00			
1439	FIN/3/AF/003	WORK INSTRUCTION PENYETORAN & PELAPORAN PPH POTPUT (WITHOLDING TAXES)	KS	1		2013-10-01 00:00:00			
1440	FIN/3/AF/004	PEMUNGUTAN,PENYETORAN DAN PELAPORAN PPN WAPU	KS	1		2013-10-01 00:00:00			
1441	FIN/3/AF/005	SPT MASA PPN	KS	1		2013-10-01 00:00:00			
1442	FIN/3/AF/006	WI PENUTUPAN ASURANSIPROPERTY ALL RISK	KS	1		2013-10-01 00:00:00			
1443	FIN/3/AF/007	KLAIM ASURANSI PROPERTY ALL RISK	KS	1		2013-10-01 00:00:00			
1444	FIN/3/AF/008	KLAIM ASURANSI MARINE CARGO	KS	1		2013-10-01 00:00:00			
1445	FIN/3/AF/009	PENUTUPAN ASURANSI MARINE CARGO	KS	1		2013-10-01 00:00:00			
1446	FIN/3/AF/010	PEMBAYARAN BEA IMPOR	KS	1		2013-10-01 00:00:00			
1447	FIN/3/AF/011	LAPORAN PENERBITAN FAKTUR	KS	1		2013-10-01 00:00:00			
1448	FIN/3/AF/012	BILLING PROCESS (PROSES PENERBITAN INVOICE DENGAN SAP)	KS	1		2013-10-01 00:00:00			
1449	FIN/3/AF/013	PENERBITAN CREDIT NOTE (Koreksi Invoice dengan SAP)	KS	1		2013-10-01 00:00:00			
1450	FIN/3/AF/014	INVOICE FI ( FINANCIAL )	KS	1		2013-10-01 00:00:00			
1451	FIN/3/AK/001	PENYELESAIAN TAGIHAN BERMASALAH	KS	1		2013-10-01 00:00:00			
1452	FIN/3/AK/037	PROSES PENCATATAN DAN PELAPORAN AKTIVA TETAP	KS	1		2013-10-01 00:00:00			
1453	FIN/3/AK/038	PENERBITAN LAP.BIAYA DLM PEMB. PROYEK PERLUAS.MODRN.PENG.LINGK.& OPT.	KS	1		2013-10-01 00:00:00			
1454	FIN/3/AK/039	PENERBITAN LAPORAN AKTIVA DALAM PEMBANGUNAN RUTIN	KS	1		2013-10-01 00:00:00			
1455	FIN/3/AK/040	PENERBITAN LAPORAN KEUANGAN KONSTRUKSI DAN POSISI AKTIVA TETAP	KS	1		2013-10-01 00:00:00			
1456	FIN/3/AK/045	SISTEM RECORD SHEET DIVISI AKUTANSI KEUANGAN	KS	1		2013-10-01 00:00:00			
1457	FIN/3/AK/047	PROSES BUKU BESAR	KS	1		2013-10-01 00:00:00			
1458	FIN/3/AK/048	PENYUSUNAN LAPORAN KEUANGAN	KS	1		2013-10-01 00:00:00			
1459	FIN/3/AK/049	PENYUSUNAN LAPORAN KEUANGAN KONSOLIDASI	KS	1		2013-10-01 00:00:00			
1460	FIN/3/AK/050	PETTY CASH	KS	1		2013-10-01 00:00:00			
1461	FIN/3/AK/051	PROSES VERIFIKASI PEMBAYARAN MENGGUNAKAN SISITEM SAP-R3	KS	1		2013-10-01 00:00:00			
1462	FIN/3/AK/052	REKONSILIASI INTERCOMPANY ACCOUNT PT. KRAKATAU STEEL DENGAN ANAK PERUSAHAAN	KS	1		2013-10-01 00:00:00			
1463	FIN/3/AK/053	UANG MUKA KARYAWAN DENGAN SISTEM SAP R/3	KS	1		2013-10-01 00:00:00			
1464	FIN/3/AK/054	PENYUSUNAN LAPORAN KEUANGAN INDUK (PT.KS)	KS	1		2013-10-01 00:00:00			
1465	FIN/3/AK/055	PENYUSUNAN APLIKASI DATA LINK	KS	1		2013-10-01 00:00:00			
1466	FIN/3/AK/056	PENGARSIPAN DOKUMEN PEMBAYARAN	KS	1		2013-10-01 00:00:00			
1467	FIN/3/AK/057	CONSOLE PACKAGE	KS	1		2013-10-01 00:00:00			
1468	FIN/3/AK/058	PROSES TUTUP BUKU PT. KRAKATAU STEEL (Persero) Tbk	KS	1		2013-10-01 00:00:00			
1469	FIN/3/AM/002	LAPORAN BIAYA OVERHEAD TETAP	KS	1		2013-10-01 00:00:00			
1470	FIN/3/AM/003	ANALISA VARIAN	KS	1		2013-10-01 00:00:00			
1471	FIN/3/AM/005	VERIFIKASI INTERNAL REALISASI ANGGARAN BARANG MODAL	KS	1		2013-10-01 00:00:00			
1472	FIN/3/AM/006	PENGISIAN FORMULIR RENCANA KERJA DAN ANGGARAN PERUSAHAAN (RKAP)	KS	1		2013-10-01 00:00:00			
1473	FIN/3/AM/007	CREATE REALISASI ANGGARAN	KS	1		2013-10-01 00:00:00			
1474	FIN/3/AP/001	PEMBEBANAN MUTASI PERSEDIAAN DAN BIAYA	KS	1		2013-10-01 00:00:00			
1475	FIN/3/AP/002	PERHITUNGAN FISIK PERSEDIAAN DAN AKTIVA TETAP	KS	1		2013-10-01 00:00:00			
1476	FIN/3/AP/003	APLIKASI SAP SEBAGAI SUPPORTING DATA JURNAL ENTRY	KS	1		2013-10-01 00:00:00			
1477	FIN/3/AP/005	PENENTUAN PENILAIAN PERSEDIAAN WORK INTRUCTION	KS	1		2013-10-01 00:00:00			
1478	FIN/3/AP/006	REKONSILIASI SUB.LEADGER DAN GENERAL LEDGER	KS	1		2013-10-01 00:00:00			
1479	FIN/3/AP/007	LAPORAN PERSEDIAAN WORK INTRUCTION	KS	1		2013-10-01 00:00:00			
1480	FIN/3/AP/008	ANALISA BIAYA PRODUKSI DAN PERAWATAN	KS	1		2013-10-01 00:00:00			
1481	FIN/3/AP/009	PELAPORAN MANAJEMEN BIAYA DAN PERSEDIAAN	KS	1		2013-10-01 00:00:00			
1482	FIN/3/AP/012	SISTEM RECORD SHEET DIVISI AKUNTASI PABRIK	KS	1		2013-10-01 00:00:00			
1483	FIN/3/AP/013	STOCK TAKE INVENTORY	KS	1		2013-10-01 00:00:00			
1484	FIN/3/AP/014	PEMBEBANAN BIAYA	KS	1		2013-10-01 00:00:00			
1485	FIN/3/AP/015	PERIODE MONTH END CLOSING	KS	1		2013-10-01 00:00:00			
1486	FIN/3/AP/016	PENCATATAN DAN PENGENDALIAN PERSEDIAAN	KS	1		2013-10-01 00:00:00			
1487	FIN/3/BE/001	PENGELOLAAN SUPPORT OPERASIONAL APLIKASI	KS	1		2013-10-01 00:00:00			
1488	FIN/3/BE/002	PENYUSUNAN WORK INSTRUCTION	KS	1		2013-10-01 00:00:00			
1489	FIN/3/BPL/001	PROSES PEMBUTAN & PENARIKAN KARTU PESERTA	KS	1		2013-10-01 00:00:00			
1490	FIN/3/BPL/003	PROSES PEMBUATAN PERJANJIAN KERJA SAMA PROVIDER PALAYANAN KESEHATAN	KS	1		2013-10-01 00:00:00			
1491	FIN/3/BPL/004	PENANGANAN KELUHAN & KOMPLAIN PROVIDER PELAYANAN KESEHATAN	KS	1		2013-10-01 00:00:00			
1492	FIN/3/BPL/006	PENERIMAAN DOKUMEN DAN PENERBITAN LAPORAN KLAIM SEMENTARA (LKS)	KS	1		2013-10-01 00:00:00			
1493	FIN/3/BPL/007	PROSES ANALISA KLAIM 	KS	1		2013-10-01 00:00:00			
1494	FIN/3/BPL/008	PENERBITAN SURAT JAMINAN RAWAT INAP	KS	1		2013-10-01 00:00:00			
1495	FIN/3/BPL/009	VERIFIKASI PEMBAYARAN KLAIM PEMELIHARAAN	KS	1		2013-10-01 00:00:00			
1496	FIN/3/BPL/010	PEMBAYARAN KLAIM PEMELIHARAAN KESEHATAN	KS	1		2013-10-01 00:00:00			
1497	FIN/3/BPL/011	PENERIMAAN KAS BAPELKES	KS	1		2013-10-01 00:00:00			
1498	FIN/3/BPL/012	VERIFIKASI PEMBAYARAN TAGIHAN NON PEMELIHARAN KESEHATAN	KS	1		2013-10-01 00:00:00			
1499	FIN/3/BPL/014	PENYUSUNAN LAPORAN MANAJEMEN	KS	1		2013-10-01 00:00:00			
1500	FIN/3/BPL/015	PROSD.PELY.BG PESERT.BAPELKES KS YG MENDT GAGAL GINJAL	KS	1		2013-10-01 00:00:00			
1501	FIN/3/BPL/016	PENGHARGAAN EFISIENSI BIAYA KESEHATAN	KS	1		2013-10-01 00:00:00			
1502	FIN/3/BPL/017	ROUTING SURAT MASUK 	KS	1		2013-10-01 00:00:00			
1503	FIN/3/ED/005	PERMINTAAN PERANGKAT KOMPUTER	KS	1		2013-10-01 00:00:00			
1504	FIN/3/ED/006	PENGELOLAAN USER ACCOUNT EMAIL DAN INTERNET	KS	1		2013-10-01 00:00:00			
1505	FIN/3/ED/007	PENANGANAN BARANG DIVISI IT/IS SERVICES P & C	KS	1		2013-10-01 00:00:00			
1506	FIN/3/JK/002	PEMBAYARAN KEUANGAN JAKARTA	KS	1		2013-10-01 00:00:00			
1507	FIN/3/KP/003	CLEARANCE JAMINAN ATAS PENJUALAN PRODUK PT. KRAKATAU STEEL	KS	1		2013-10-01 00:00:00			
1508	FIN/3/KP/004	PENETAPAN CUSTOMER RATING DAN CUSTOMER LIMIT	KS	1		2013-10-01 00:00:00			
1509	FIN/3/KP/006	PELEPASAN ASET NONPRODUKTIF	KS	1		2013-10-01 00:00:00			
1510	FIN/3/KP/007	WORK INSTRUCTION ANALISIS KREDIT PT. KRAKATAU STEEL	KS	1		2013-10-01 00:00:00			
1511	FIN/3/KP/008	WORK INSTRUCTION PENAGIHAN	KS	1		2013-10-01 00:00:00			
1512	FIN/3/KP/009	PENANGANAN KLAIM DAN LEBIH BAYAR KONSUMEN	KS	1		2013-10-01 00:00:00			
1513	FIN/3/MR/001	ANALISIS DAN PENGENDALIAN RISIKO	KS	1		2013-10-01 00:00:00			
1514	FIN/3/MR/002	PEMANTAUAN DAN PELAPORAN RISIKO	KS	1		2013-10-01 00:00:00			
1515	FIN/3/PB/001	PERCEPATAN & PENUNDAAN PEMBAYARAN KONSUMEN PT.KRAKATAU STEEL	KS	1		2013-10-01 00:00:00			
1516	FIN/3/PB/002	PENGGUNAAN FASILITAS NON CASH LOAN PT KRAKATAU STEEL (PERSERO)	KS	1		2013-10-01 00:00:00			
1517	FIN/3/PB/003	NOTIONAL POOLING PT KRAKATAU  STEEL (PERSERO)	KS	1		2013-10-01 00:00:00			
1518	FIN/3/PF/001	PENGELOLAAN SITUS WEB KMKS (KNOWLEDGE MANAGEMENT KRAKATAU STEEL)	KS	1		2013-10-01 00:00:00			
1519	FIN/3/PN/001	PENANGANAN SURAT BERHARGA	KS	1		2013-10-01 00:00:00			
1520	FIN/3/PN/002	PENGENDALIAN QUALITY RECORD	KS	1		2013-10-01 00:00:00			
1521	FIN/3/PN/005	LAPORAN KAS HARIAN	KS	1		2013-10-01 00:00:00			
1522	FIN/3/PN/006	ADJUSMENT	KS	1		2013-10-01 00:00:00			
1523	FIN/3/PN/007	REKONSILIASI BANK	KS	1		2013-10-01 00:00:00			
1524	FIN/3/PN/008	DIRECT PAYMENT	KS	1		2013-10-01 00:00:00			
1525	FIN/3/PN/011	PENYUSUNAN LAPORAN TARGET & REALISASI PENERIMAAN PIUTANG	KS	1		2013-10-01 00:00:00			
1526	FIN/3/PN/014	PENGELOLAAN BANK GARANSI ATAS PENGADAAN BARANG DAN JASA	KS	1		2013-10-01 00:00:00			
1527	FIN/3/PN/018	PENERBITAN CASH RECEIPT DENGAN SISTEM SAP	KS	1		2013-10-01 00:00:00			
1528	FIN/3/PN/019	PEMBAYARAN DENGAN SISTEM SAP	KS	1		2013-10-01 00:00:00			
1529	FIN/3/PN/020	PENANGANAN LETTER OF CREDIT DENGAN SISTEM SAP	KS	1		2013-10-01 00:00:00			
1530	FIN/3/PN/021	LAPORAN ARUS KAS BULANAN DENGAN SAP	KS	1		2013-10-01 00:00:00			
1531	FIN/3/PN/022	PENGGUNAAN DAN PENGELOLAAN INTERNET BANKING	KS	1		2013-10-01 00:00:00			
1532	FIN/3/PN/023	PENGELOLAAN DOKUMEN LC DAN LAPORAN MELALUI E-FILLING	KS	1		2013-10-01 00:00:00			
1533	FIN/3/PP/001	PROSES PENANGANAN LC DI DIVISI OPERASI PENDANAAN	KS	1		2013-10-01 00:00:00			
1534	FIN/3/PP/006	PROSES PENANGANAN,DESPATCH & DEMURRAGE PELABUHAN MUAT.	KS	1		2013-10-01 00:00:00			
1535	FIN/3/PP/007	PROSES PENANG.NOTA DEBET,DOK.PENYIMPANGAN LC & PENERIMAAN DOK.LC.	KS	1		2013-10-01 00:00:00			
1536	FIN/3/PT/002	PENYUSUNAN LAPORAN KINERJA BULANAN ANAK PERUSAHAAN & PERUSAHAAN PATUNGAN PT. KS	KS	1		2013-10-01 00:00:00			
1537	FIN/3/PT/003	PENYUSUNAN LAPORAN KINERJA TRIWULAN ANAK PERUSAHAAN  PT. KRAKATAU STEEL (PERSERO) Tbk	KS	1		2013-10-01 00:00:00			
1538	FIN/3/PT/004	PELAKSANAAN RUPS ANAK PERUSAHAAN PT. KRAKATAU STEEL (PERSERO) Tbk	KS	1		2013-10-01 00:00:00			
1539	FIN/3/PWK/001	VERIFIKASI DOKUMEN PEMBAYARAN DENGAN SAP	KS	1		2013-10-01 00:00:00			
1540	FIN/3/SN/001	PENYUSUNAN CASHFLOW MINGGUAN	KS	1		2013-10-01 00:00:00			
1541	FIN/3/SN/002	TRANSAKSI DEPOSITO	KS	1		2013-10-01 00:00:00			
1542	FIN/3/SN/003	TRANSAKSI VALUTA ASING	KS	1		2013-10-01 00:00:00			
1543	FIN/3/SN/004	TRANSAKSI HEDGING	KS	1		2013-10-01 00:00:00			
1544	FIN/3/SN/005	MARKET UPDATE	KS	1		2013-10-01 00:00:00			
1545	FIN/3/SN/007	KREDIT MODAL KERJA	KS	1		2013-10-01 00:00:00			
1546	FIN/3/SN/008	LAPORAN CASH FLOW HARIAN	KS	1		2013-10-01 00:00:00			
1547	FIN/3/SN/009	WI, BORROWING UNTUK PEMBIAYAAN PROYEK	KS	1		2013-10-01 00:00:00			
1548	FIN/3/SN/010	NEGO / DISKONTO ATAS L/C SKBDN	KS	1		2013-10-01 00:00:00			
1549	FIN/3/SN/011	TRANSKASI TRADE FINANCING ATAS PENGADAAN BAHAN BAKU IMPOR	KS	1		2013-10-01 00:00:00			
1550	FIN/3/TK/001	ASSESSMENT TATA KELOLA SISTEM INFORMASI	KS	1		2013-10-01 00:00:00			
1551	FIN/3/UB/001	PENYUSUNAN RJPP ANAK PERUSAHAAN PT KRAKATAU STEEL	KS	1		2013-10-01 00:00:00			
1552	FIN/3/UB/002	PENYUSUNAN RKAP ANAK PERUSAHAAN PT KRAKATAU STEEL	KS	1		2013-10-01 00:00:00			
1553	FIN/3/UB/003	EVALUASI STUDI KELAYAKAN ANAK PERUSAHAAN PT. KRAKATAU STEEL	KS	1		2013-10-01 00:00:00			
1554	FIN/3/UB/005	MANAGEMENT MEETING ANAK PERUSAHAAN PT KS	KS	1		2013-10-01 00:00:00			
1555	FIN/3KP/005	PENANGANAN KOREKSI INVOICE & KELEBIHAN BAYAR	KS	1		2013-10-01 00:00:00			
1556	HCM-01	PERENCANAAN ORGANISASI & MODAL INSANI	KS	1		2013-10-01 00:00:00			
1557	HCM-02	PENGEMBANGAN MODAL INSANI	KS	1		2013-10-01 00:00:00			
1558	HCM-03	PENDIDIKAN,PELATIHAN DAN KNOWLEDGE MANAGEMENT	KS	1		2013-10-01 00:00:00			
1559	HCM-04	MANAJEMEN KINERJA DAN KOMPENSASI	KS	1		2013-10-01 00:00:00			
1560	HCM-05	PENGELOLAAN HUBUNGAN KEKARYAWANAN	KS	1		2013-10-01 00:00:00			
1561	HCM-06	PERLINDUNGAN KESELAMATAN & KESEHATAN KERJA 	KS	1		2013-10-01 00:00:00			
1562	INA/3/OA/002	PELAKSANAAN AUDIT	KS	1		2013-10-01 00:00:00			
1563	INA/3/OA/003	MONITORING DAN EVALUASI TINDAK LANJUT	KS	1		2013-10-01 00:00:00			
1564	INA/3/OA/004	PETUNJUK PEMBUATAN KODE PEMERIKSAAN	KS	1		2013-10-01 00:00:00			
1565	INA/3/OA/005	PENYUSUNAN KERTAS AUDIT	KS	1		2013-10-01 00:00:00			
1566	INA/3/OA/006	PETUNJUK PEMBUATAN DAFTAR PERTANYAAN	KS	1		2013-10-01 00:00:00			
1567	INA/3/OA/007	PETUNJUK PENYUSUNAN LAPORAN HASIL AUDIT 	KS	1		2013-10-01 00:00:00			
1568	INA/3/OA/009	PENGENDALIAN QUALITY RECORD	KS	1		2013-10-01 00:00:00			
1569	INA/3/OA/010	WI PELAKSANAAN AUDIT KHUSUS	KS	1		2013-10-01 00:00:00			
1570	INA/3/OA/011	PENYUSUNAN PROGRAM KERJA AUDIT TAHUNAN (PKAT)	KS	1		2013-10-01 00:00:00			
1571	INA/3/OA/012	PENILAIAN INTERNAL (SELF ASSESSMENT) SATUAN PENGAWAS INTERN	KS	1		2013-10-01 00:00:00			
1572	INA/3/OA/013	EVALUASI PENGENDALIAN INTERN (INTERNAL CONTROL)	KS	1		2013-10-01 00:00:00			
1573	KEU-01	PENERIMAAN DANA	KS	1		2013-10-01 00:00:00			
1574	KEU-02	PROSEDUR PENGELUARAN DANA	KS	1		2013-10-01 00:00:00			
1575	KEU-03	AKUNTANSI	KS	1		2013-10-01 00:00:00			
1576	KEU-04	PERENCANAAN DAN PENGENDALIAN ANGGARAN	KS	1		2013-10-01 00:00:00			
1577	KEU-05	PENGENDALIAN ANAK PERUSAHAAN DAN PERUSAHAAN PATUNGAN	KS	1		2013-10-01 00:00:00			
1578	KEU-06	PENGELOLAAN RESIKO KEUANGAN	KS	1		2013-10-01 00:00:00			
1579	LAP AUDIT	LAPORAN AUDIT BERKALA	KS	1		2013-10-01 00:00:00			
1580	LOG/3/CH/004	MAINTAIN HPS/OE BY SERVICE NUMBER	KS	1		2013-10-01 00:00:00			
1581	LOG/3/CH/005	MAINTAIN ITEM MASTER SAP R3	KS	1		2013-10-01 00:00:00			
1582	LOG/3/CH/006	LEMBAR PENDAFTARAN/PERUBAHAN MATERIAL (LPPM)	KS	1		2013-10-01 00:00:00			
1583	LOG/3/CH/007	PEMBUATAN/PERBAIKAN HARGA PERKIRAAN SENDIRI/OWNER ESTIMATE (HPS/OE) RAW MATERIAL	KS	1		2013-10-01 00:00:00			
1584	LOG/3/EP/002	JUKLAK PENERIMA/PEMBONGKAR, PENYIMPAN & PEMINDAH BRG-BRG IMPORT	KS	1		2013-10-01 00:00:00			
1585	LOG/3/EP/102	TRANSPORTASI (LOKAL) BARANG-BARANG IMPOR	KS	1		2013-10-01 00:00:00			
1586	LOG/3/JS/001	 WORK  INSTRUCTION PROSES PEMBUATAN SPK, JO ORDER 	KS	1		2013-10-01 00:00:00			
1587	LOG/3/JS/003	PROSES AMANDEMEN KONTRAK	KS	1		2013-10-01 00:00:00			
1588	LOG/3/JS/008	PENGENDALIAN RECORD SHEET	KS	1		2013-10-01 00:00:00			
1589	LOG/3/JS/009	PEMILIHAN & PENUNJUKAN LANGSUNG REKANAN	KS	1		2013-10-01 00:00:00			
1590	LOG/3/KL/003	PEMINJAMAN & MONITORING BERKAS PENGADAAN BARANG	KS	1		2013-10-01 00:00:00			
1591	LOG/3/KL/006	DISTRIBUSI PC/PSA, JO/KONTRAK DAN APLIKASI L/C	KS	1		2013-10-01 00:00:00			
1592	LOG/3/KL/007	SERTIFIKAT PEMBAYARAN (T/T ) BARANG IMPOR	KS	1		2013-10-01 00:00:00			
1593	LOG/3/KL/009	TRIAL LABEL BARCODE	KS	1		2013-10-01 00:00:00			
1594	LOG/3/KL/011	VENDOR REGISTRATION	KS	1		2013-10-01 00:00:00			
1595	LOG/3/KL/012	KLAIM PENGADAAN BARANG DAN JASA NON PEMBANGUNAN	KS	1		2013-10-01 00:00:00			
1596	LOG/3/KL/013	VENDOR PERFORMANCE	KS	1		2013-10-01 00:00:00			
1597	LOG/3/KL/014	IMPORT MANAGEMENT	KS	1		2013-10-01 00:00:00			
1598	LOG/3/LB/002	PERMINTAAN JASA PEMERIKSAAN BAHAN BAKU PT KRAKATAU STEEL (Persero) OLEH INDEPENDENT INSPEKT	KS	1		2013-10-01 00:00:00			
1599	LOG/3/LB/003	PENGADAAN BARANG DAN JASA NON PEMBANGUNAN DENGAN E-AUCTION	KS	1		2013-10-01 00:00:00			
1600	LOG/3/LB/009	PENERBITAN & DISTRI.DOK.UTK.PEMERIKSAAN SCRAP IMPORT OLEH INSP.SGS	KS	1		2013-10-01 00:00:00			
1601	LOG/3/LP/001	STOCK LEVEL CONTROL MATERIAL NON SUKU CADANG	KS	1		2013-10-01 00:00:00			
1602	LOG/3/LP/004	HARGA PERKIRAAN SENDIRI/OWNERS ESTIMATE (HPS/OE)	KS	1		2013-10-01 00:00:00			
1603	LOG/3/LP/005	PERHITUNGAN TARIF UPAH TENAGA KERJA BORONGAN	KS	1		2013-10-01 00:00:00			
1604	LOG/3/LP/006	PEMBUATAN SDP (SERVICE DESCRIPTION PATTERN)	KS	1		2013-10-01 00:00:00			
1605	LOG/3/LP/007	PENYUSUNAN HARGA SATUAN DASAR (HSD)	KS	1		2013-10-01 00:00:00			
1606	LOG/3/LP/008	PEMBUATAN LAPORAN HSIL PEKERJAAN PADA PROSES WO KODE 2 (PROSES LUAR)	KS	1		2013-10-01 00:00:00			
1607	LOG/3/LP/009	PERENCANAAN DAN PENGENDALIAN PENGADAAN MATERIAL NSC	KS	1		2013-10-01 00:00:00			
1608	LOG/3/LP/010	PENYUSUNAN BESTEK TEKNIK	KS	1		2013-10-01 00:00:00			
1609	LOG/3/LP/011	PENYUSUNAN TERM OF REFERENCE (TOR)	KS	1		2013-10-01 00:00:00			
1610	LOG/3/LP/012	PENYUSUSNAN PURCHASE REQUESITION (PR)	KS	1		2013-10-01 00:00:00			
1611	LOG/3/LP/014	TOLLING ALUMINIUM INGOT EX SCAP NON FERROUS (ALUMINIUM)	KS	1		2013-10-01 00:00:00			
1612	LOG/3/LP/015	PENYUSUNAN PURCHASE REQUISITION (PR) JASA NON PERAWATAN PABRIK	KS	1		2013-10-01 00:00:00			
1613	LOG/3/LP/016	PENYUSUNAN ENGINEERING ESTIMATE (EE)  JASA NON PERAWATAN PABRIK	KS	1		2013-10-01 00:00:00			
1614	LOG/3/LP/017	PENYUSUNAN TERM OF REFERENCE	KS	1		2013-10-01 00:00:00			
1615	LOG/3/LR/002	IMPOR SLAB & BILLET	KS	1		2013-10-01 00:00:00			
1616	LOG/3/LR/003	PENGADAAN BARANG NON SUKU CADANG DENGAN JUST IN TIME DAN KONSINYASI	KS	1		2013-10-01 00:00:00			
1617	LOG/3/LR/004	ANALISA HARGA PENGADAAN (BAHAN BAKU UTAMA, SEMIFINISH & FINISH PRODUCT) DAN ANGKUTAN IOP	KS	1		2013-10-01 00:00:00			
1618	LOG/3/PC/012	PEMBELIAN BARANG NON SUKU CADANG KONTRAK JANGKA PANJANG	KS	1		2013-10-01 00:00:00			
1619	LOG/3/RC/001	PENERBITAN SPARE MASTER FILE MUTATION (SMFM)	KS	1		2013-10-01 00:00:00			
1620	LOG/3/RC/002	PENERBITAN PURCHASE REQUISITION	KS	1		2013-10-01 00:00:00			
1621	LOG/3/RC/006	PENERBITAN VARIATION PURCHASE REQUESTATION (PR)/PURCHASE COTRACT (PC)	KS	1		2013-10-01 00:00:00			
1622	LOG/3/RC/010	PENERBITAN LEMBAR BATAL PURCHASE REQUESTATION (PR)	KS	1		2013-10-01 00:00:00			
1623	LOG/3/RC/020	PENERBITAN LEMBAR PENERBITAN PURCHASE REQUESTATION INSURANCE	KS	1		2013-10-01 00:00:00			
1624	LOG/3/RC/021	PENGENDALIAN RECORD SHEET SUKU CADANG	KS	1		2013-10-01 00:00:00			
1625	LOG/3/RC/025	PENGADAAN SUKU CADANG MELALUI WORK SHOP DALAM NEGERI (WSDN)	KS	1		2013-10-01 00:00:00			
1626	LOG/3/SP/004	PEMBELIAN BARANG LANGSUNG	KS	1		2013-10-01 00:00:00			
1627	LOG/3/WH/001	PENEMPATAN BARANG NON SUKU CADANG	KS	1		2013-10-01 00:00:00			
1628	LOG/3/WH/002	PENYERAHAN BAHAN KIMIA	KS	1		2013-10-01 00:00:00			
1629	LOG/3/WH/003	PENANGANAN TUMPAHAN BAHAN BERBAHAYA DAN BERACUN	KS	1		2013-10-01 00:00:00			
1630	LOG/3/WH/004	PERAWATAN BARANG SUKU CADANG	KS	1		2013-10-01 00:00:00			
1631	LOG/3/WH/008	PELAYANAN DAN PENGIRIMAN BARANG SUKU CADANG/NON SUKU CADANG	KS	1		2013-10-01 00:00:00			
1632	LOG/3/WH/009	PENYIMPANAN BARANG SUKU CADANG	KS	1		2013-10-01 00:00:00			
1633	LOG/3/WH/010	PENANGANAN BARANG DEAD STOCK	KS	1		2013-10-01 00:00:00			
1634	LOG/3/WH/011	PERHITUNGAN PEMERIKSAAN BARANG DENGAN SISTEM RANDOM	KS	1		2013-10-01 00:00:00			
1635	LOG/3/WH/012	PENERIMAAN DAN PENEMPATAN BAHAN BAKU STEEL SCRAP LOKAL CURAG DAN BUNDEL	KS	1		2013-10-01 00:00:00			
1636	LOG/3/WH/013	PELEPASAN DAN PEMINJAMAN BRG ANTARA PT.KS DAN GROUP	KS	1		2013-10-01 00:00:00			
1637	LOG/3/WH/014	AREA TERBATAS WAREHOUSING MANAGEMENT	KS	1		2013-10-01 00:00:00			
1638	LOG/3/WH/031	PENGENDALIAN STOCK FISIK BARANG SUKU CADANG DAN NON SUKU CADANG	KS	1		2013-10-01 00:00:00			
1639	LOG/3/WH/052	FORM STANDARD PEMERIKSAAN BARANG (STANDARD TEXT PADA SAP)	KS	1		2013-10-01 00:00:00			
1640	LOG/3/WH/053	SISTEM KALIBRASI ALAT UKUR	KS	1		2013-10-01 00:00:00			
1641	LOG/3/WH/055	PENERIMAAN, PEMERIKSAAN, TRANSFER DAN PENGELUARAN BARANG	KS	1		2013-10-01 00:00:00			
1642	MKT/3/GM/001	PENERIMAAN KONSUMEN BARU DOMISTIK	KS	1		2013-10-01 00:00:00			
1643	MKT/3/IP/001	MEMBUAT LAPORAN MINGGUAN	KS	1		2013-10-01 00:00:00			
1644	MKT/3/IP/002	MEMBUAT LAP. EVALUASI & RENCANA KERJA DIR. PEMASARAN (LAP. BULANAN)	KS	1		2013-10-01 00:00:00			
1645	MKT/3/IP/004	SISTEM PELAYANAN INFORMASI PASAR	KS	1		2013-10-01 00:00:00			
1646	MKT/3/IP/005	PENUTUPAN ORDER	KS	1		2013-10-01 00:00:00			
1647	MKT/3/IP/006	PELAYANAN PERMINTAAN INFORMASI PENJUALAN	KS	1		2013-10-01 00:00:00			
1648	MKT/3/IP/007	PENYIAPAN INFORMASI TRANSAKSI PENJUALAN	KS	1		2013-10-01 00:00:00			
1649	MKT/3/MD/002	PENELITIAN PASAR	KS	1		2013-10-01 00:00:00			
1650	MKT/3/MD/003	PENYELIDIKAN PASAR	KS	1		2013-10-01 00:00:00			
1651	MKT/3/MD/004	TRIAL ORDER	KS	1		2013-10-01 00:00:00			
1652	MKT/3/S2/001	TOLLING H-BEAM	KS	1		2013-10-01 00:00:00			
1653	MKT/3/S4/001	PERENCANAAN PENGAPALAN DAN OPERASI PENGAPALAN EKSPOR	KS	1		2013-10-01 00:00:00			
1654	MKT/3/S4/002	PENETAPAN HARGA JUAL EKSPOR DAN APLIKASINYA	KS	1		2013-10-01 00:00:00			
1655	MKT/3/S4/003	PERENCANAAN DAN PENGADAAN JASA ANGKUTAN CARGO EKSPOR	KS	1		2013-10-01 00:00:00			
1656	MKT/3/S7/001	PENJUALAN NON FERROUS	KS	1		2013-10-01 00:00:00			
1657	MKT/3/S7/002	PENJUALAN BAJA TULANGAN	KS	1		2013-10-01 00:00:00			
1658	MKT/3/S8/004	ANALISIS PROFIT & LOSS	KS	1		2013-10-01 00:00:00			
1659	MKT/3/S8/006	PENETAPAN HARGA JUAL PRODUK UTAMA	KS	1		2013-10-01 00:00:00			
1660	MKT/3/S9/003	WORK INSTRUCTION ANTI DUMPING	KS	1		2013-10-01 00:00:00			
1661	MKT/3/S9/004	WORK INSTRUCTION TUDUHAN DUMPING	KS	1		2013-10-01 00:00:00			
1662	MKT/3/S9/005	WORK INSTRUCTION, PENYUSUNAN LAPORAN BULANAN	KS	1		2013-10-01 00:00:00			
1663	MKT/3/S9/006	WORK INSTRUCTION, PENYUSUNAN LAPORAN INTERNASIONAL	KS	1		2013-10-01 00:00:00			
1664	MKT/3/S9/007	WORK INSTRUCTION, PENYUSUNAN LAPORAN KWARTALAN	KS	1		2013-10-01 00:00:00			
1665	MKT/3/S9/008	PENETRASI PASAR	KS	1		2013-10-01 00:00:00			
1666	MKT/3/SO/001	PENANGANAN INQUIRY	KS	1		2013-10-01 00:00:00			
1667	MKT/3/SO/002	PENYIAPAN SALES CONTRACT DAN SURAT PERJANJIAN JUAL BELI	KS	1		2013-10-01 00:00:00			
1668	MKT/3/SO/003	PENYIAPAN DAN TRANSFER ORDER SHEET	KS	1		2013-10-01 00:00:00			
1669	MKT/3/SO/004	PENANGANAN KLAIM / KOMPLAIN NON TEKNIS	KS	1		2013-10-01 00:00:00			
1670	MKT/3/SO/005	PENYUSUNAN SALES PLAN	KS	1		2013-10-01 00:00:00			
1671	MKT/3/SO/006	PENANGANAN DAN PENYELESAIAN PRODUK EKS KLAIM	KS	1		2013-10-01 00:00:00			
1672	MKT/3/SO/007	PERUBAAHAN ORDER	KS	1		2013-10-01 00:00:00			
1673	MKT/3/SO/008	PENJUALAN BUFFER STOCK DAN READY STOCK	KS	1		2013-10-01 00:00:00			
1674	MKT/3/SO/009	OPTIMALISASI BABY COIL COLD ROLLED STEEL	KS	1		2013-10-01 00:00:00			
1675	MKT/3/ST/003	PENJUALAN PRODUK UNTUK SEKTOR PROYEK DAN RETAIL	KS	1		2013-10-01 00:00:00			
1676	MKT/3/ST/004	PENERIMA DAN PENEMPATAN PLATE/SHEET GUDANG SURABAYA	KS	1		2013-10-01 00:00:00			
1677	MKT/3/ST/005	PENGIRIMAN PLATE / SHEET KE KONSUMEN	KS	1		2013-10-01 00:00:00			
1678	MKT/3/SY/001	PENANGANAN DAN PELAYANAN BAHAN BAKU INDUSTRI KECIL	KS	1		2013-10-01 00:00:00			
1679	MKT/3/TS/001	PENANGANAN KLAIM / KOMPLAIN TEKNIS	KS	1		2013-10-01 00:00:00			
1680	MKT-P01	PEDOMAN PELAKSANAAN OPERASIONAL KANTOR CABANG PT KRAKATAU STEEL DI KOTA BATAM PROP KEP.RIAU	KS	1		2013-10-01 00:00:00			
1681	MKT-P02	PEDOMAN PELAKSANAAN OPERASIONAL KANTOR CABANG PENJUALAN PT.KRAKATAU STEEL (PERSERO) DI KOTA	KS	1		2013-10-01 00:00:00			
1682	MKT-P03	PEDOMAN SISTEM PENJUALAN DENGAN MENYEDIAKAN STOCK PRODUK DI LOKASI/GUDANG KONSUMEN	KS	1		2013-10-01 00:00:00			
1683	MP0/4/1/01	PROSEDUR KEMANDIRIAN DAN INTEGRITAS PERSONIL	KS	1		2013-10-01 00:00:00			
1684	MP0/4/10/01	PROSEDUR PENINGKATAN	KS	1		2013-10-01 00:00:00			
1685	MP0/4/11/01	PROSEDUR TINDAKAN PERBAIKAN	KS	1		2013-10-01 00:00:00			
1686	MP0/4/12/01	PROSEDUR TINDAKAN PENCEGAHAN	KS	1		2013-10-01 00:00:00			
1687	MP0/4/14/01	PROSEDUR AUDIT INTERNAL	KS	1		2013-10-01 00:00:00			
1688	MP0/4/15/01	PROSEDUR KAJI ULANG MANAJEMEN	KS	1		2013-10-01 00:00:00			
1689	MP0/4/3/01	PROSEDUR PENGENDALIAN DOKUMEN	KS	1		2013-10-01 00:00:00			
1690	MP0/5/2/01	PROSEDUR PELATIHAN LABORATORIUM	KS	1		2013-10-01 00:00:00			
1691	MP1/4/13/01	PROSEDUR PENGENDALIAN REKAMAN	KS	1		2013-10-01 00:00:00			
1692	MP1/4/4/01	PROSEDUR PENERIMAAN ORDER PENGUJIAN DI LABORATORIUM UJI	KS	1		2013-10-01 00:00:00			
1693	MP1/4/7/01	PROSEDUR AKSES PELANGGAN MENYAKSIKAN PENGUJIAN DI LABORATORIUM PENGUJIAN KIMIA & MEKANIK	KS	1		2013-10-01 00:00:00			
1694	MP1/4/7/02	PROSEDUR PENGUKURAN KEPUASAN PELANGGAN	KS	1		2013-10-01 00:00:00			
1695	MP1/4/8/01	PROSEDUR PENANGANAN KELUHAN PELANGGAN DI LABORATORIUM PENGUJI	KS	1		2013-10-01 00:00:00			
1696	MP1/4/9/01	PROSEDUR PENGENDALIAN PEKERJAAN PENGUJIAN YANG TIDAK SESUAI DI LABORATORIUM PENGUJIAN 	KS	1		2013-10-01 00:00:00			
1697	MP1/5/10/01	PROSEDUR PENGENDALIAN KEAMANAN DATA ELEKTRONIK DAN KERAHASIAAN DATA PELANGGAN DI LAB. PENGU	KS	1		2013-10-01 00:00:00			
1698	MP1/5/10/02	PROSEDUR PELAPORAN HASIL PENGUJIAN DI LABORATORIUM PENGUJIAN KIMIA & MEKANIK	KS	1		2013-10-01 00:00:00			
1699	MP1/5/3/01	PROSEDUR PEMANTAUAN KONDISI LINGKUNGAN	KS	1		2013-10-01 00:00:00			
1700	MP1/5/4/02	PROSEDUR PELAKSANAAN PENGJIAN	KS	1		2013-10-01 00:00:00			
1701	MP1/5/4/03	PROSEDUR ESTIMASI KETIDAKPASTIAN PENGUJIAN	KS	1		2013-10-01 00:00:00			
1702	MP1/5/5/01	PROSEDUR PENGENDALIAN MUTU ALAT PENGUJI	KS	1		2013-10-01 00:00:00			
1703	MP1/5/5/02	PROSEDUR PERAWATAN ALAT PENGUJIAN DI LABORATORIUM PENGUJIAN	KS	1		2013-10-01 00:00:00			
1704	MP1/5/7/01	PROSEDUR PENGAMBILAN CONTOH UJI LAB UJI KIMIA & MEKANIK	KS	1		2013-10-01 00:00:00			
1705	MP1/5/8/01	PROSEDUR PENANGANAN CONTOH PENGUJIAN MILIK PELANGGAN	KS	1		2013-10-01 00:00:00			
1706	MP1/5/9/01	PROSEDUR PENGENDALIAN MUTU HASIL PENGUJIAN DI LABORATORIUM PENGUJIAN	KS	1		2013-10-01 00:00:00			
1707	MP2/4/13/01	PROSEDUR PENGENDALIAN REKAMAN	KS	1		2013-10-01 00:00:00			
1708	MP2/4/4/01	PROSEDUR PENERIMAAN ORDER, TENDER & KONTRAK	KS	1		2013-10-01 00:00:00			
1709	MP2/4/5/01	PROSEDUR SUBKONTRAK KALIBRASI	KS	1		2013-10-01 00:00:00			
1710	MP2/4/6/01	PENGADAAN MATERIAL /BARANG LABORATORIUM KALIBRASI	KS	1		2013-10-01 00:00:00			
1711	MP2/4/7/01	PROSEDUR AKSES PELANGGAN MENYAKSIKAN KALIBRASI LABORATORIUM KALIBRASI	KS	1		2013-10-01 00:00:00			
1712	MP2/4/7/02	PROSEDUR PENGUKURAN KEPUASAN PELANGGAN LABORATORIUM KALIBRASI	KS	1		2013-10-01 00:00:00			
1713	MP2/4/8/01	PENANGANAN KELUHAN PELANGGAN LABORATORIUM KALIBRASI	KS	1		2013-10-01 00:00:00			
1714	MP2/4/9/01	PROSEDUR PENGENDALIAN PEKERJAAN KALIBRASI YANG TIDAK SESUAI LABORATORIUM KALIBRASI	KS	1		2013-10-01 00:00:00			
1715	MP2/5/10/01	PROSEDUR PENGENDALIAN KEAMANAN DATA ELEKTRONIK DAN KERAHASIAAN DATA PELANGGAN	KS	1		2013-10-01 00:00:00			
1716	MP2/5/10/02	PROSEDUR PEMBUATAN SERTIFIKAT KALIBRASI LABORATORIUM KALIBRASI	KS	1		2013-10-01 00:00:00			
1717	MP2/5/3/01	PROSEDUR PENGENDALIAN AKOMODASI & KONDISI LINGK. KERJA LAB. KALIBRASI	KS	1		2013-10-01 00:00:00			
1718	MP2/5/4/01	PENGENDALIAN DESAIN METODA KALIBRASI LABORATORIUM KALIBRASI	KS	1		2013-10-01 00:00:00			
1719	MP2/5/4/02	PELAKSANAAN KALIBRASI LABORATORIUM KALIBRASI	KS	1		2013-10-01 00:00:00			
1720	MP2/5/4/03	ESTIMASI KETIDAKPASTIAN PENGUKURAN	KS	1		2013-10-01 00:00:00			
1721	MP2/5/5/02	PERAWATAN ALAT KALIBRASI LOBORATORIUM KALIBRASI	KS	1		2013-10-01 00:00:00			
1722	MP2/5/6/01	PROSEDUR KALIBRASI EKSTERNAL UNTUK KALIBRATOR, ALAT UKUR/INSPEKSI, ALAT UJI DAN INSTRUMEN A	KS	1		2013-10-01 00:00:00			
1723	MP2/5/8/01	PROSEDUR PENANGANAN BARANG YANG DIKALIBRASI	KS	1		2013-10-01 00:00:00			
1724	MP2/5/9/01	PROSEDUR JAMINAN MUTU HASIL KALIBRASI	KS	1		2013-10-01 00:00:00			
1725	MP3/4/13/01	PROSEDUR PENGENDALIAN REKAMAN MUTU PENGUJIAN	KS	1		2013-10-01 00:00:00			
1726	MP3/4/4/01	PROSEDUR PENERIMAAN ORDER PENGUJIAN	KS	1		2013-10-01 00:00:00			
1727	MP3/4/5/01	PROSEDUR INDENTIFIKASI DAN EVALUASI SUB.KONTRAKTOR	KS	1		2013-10-01 00:00:00			
1728	MP3/4/7/01	AKSES PELANGGAN MENYAKSIKAN PENGUJIAN 	KS	1		2013-10-01 00:00:00			
1729	MP3/4/7/02	PROSEDUR PENGUKURAN KEPUASAN PELANGGAN	KS	1		2013-10-01 00:00:00			
1730	MP3/4/8/01	PROSEDUR KELUHAN PELANGGAN	KS	1		2013-10-01 00:00:00			
1731	MP3/4/9/01	PROSEDUR PEKERJAAN HASIL UJI TIDAK SESUAI	KS	1		2013-10-01 00:00:00			
1732	MP3/5/10/01	PROSEDUR KERAHASHAN DATA PELANGGAN	KS	1		2013-10-01 00:00:00			
1733	MP3/5/10/02	PEMBUATAN SERTIFIKAT HASIL UJI	KS	1		2013-10-01 00:00:00			
1734	MP3/5/3/01	PROSEDUR IDENTIFIKASI FASILITAS & LINGKUNGAN 	KS	1		2013-10-01 00:00:00			
1735	MP3/5/4/02	PROSEDUR PELAKSANAAN PENGUJIAN CAIRAN, GAS & PADATAN LABORATORIUM LINGKUNGAN	KS	1		2013-10-01 00:00:00			
1736	MP3/5/4/03	PROSEDUR ESTIMASI KETIDAKPASTIAN PENGUJIAN	KS	1		2013-10-01 00:00:00			
1737	MP3/5/5/01	PROSEDUR PERAWATAN & KALIBRASI ALAT UJI LAB. LINGKUNGAN	KS	1		2013-10-01 00:00:00			
1738	MP3/5/7/01	PROSEDUR PENGAMBILAN SAMPEL	KS	1		2013-10-01 00:00:00			
1739	MP3/5/8/01	PROSEDUR PENANGANAN SAMPLE UJI LABORATORIUM LINGKUNGAN	KS	1		2013-10-01 00:00:00			
1740	MP3/5/9/01	PROSEDUR PENGENDALIAN MUTU HASIL UJI LAB.LINGKUNGAN	KS	1		2013-10-01 00:00:00			
1741	MRI-01	PENGUKURAN KINERJA BISNIS DAN LINGKUNGAN PERUSAHAAN	KS	1		2013-10-01 00:00:00			
1742	MRI-02	PROSEDUR AUDIT INTERNAL	KS	1		2013-10-01 00:00:00			
1743	MRI-03	PROSEDUR TINDAKAN PERBAIKAN DAN PENCEGAHAN	KS	1		2013-10-01 00:00:00			
1744	MRI-04	TINJAUAN MANAJEMEN	KS	1		2013-10-01 00:00:00			
1745	MRI-05	PENGENDALIAN DOKUMEN	KS	1		2013-10-01 00:00:00			
1746	MRI-06	PROSEDUR PENGENDALIAN RECORD	KS	1		2013-10-01 00:00:00			
1747	PAI/3/BD/003	LAPORAN KE BKPMD	KS	1		2013-10-01 00:00:00			
1748	PAI/3/BD/005	INVESTMENT PROJECT PRE/POST CONTRACT REVIEW	KS	1		2013-10-01 00:00:00			
1749	PAI/3/PC/001	KOMPUTERISASI PENGENDALIAN PROSES	KS	1		2013-10-01 00:00:00			
1750	PBR-01	PERENCANAAN DAN PERSIAPAN PENGADAAN BARANG	KS	1		2013-10-01 00:00:00			
1751	PBR-02	PROSEDUR PENGADAAN BARANG	KS	1		2013-10-01 00:00:00			
1752	PBR-03	PENERIMAAN,PEMERIKSAAN BARANG & KLAIM	KS	1		2013-10-01 00:00:00			
1753	PBR-04	PENYIMPANAN DAN PELAYANAN BARANG	KS	1		2013-10-01 00:00:00			
1754	PBR-05	PENGELOLAAN REKANAN BARANG DAN JASA NON PEMBANGUNAN	KS	1		2013-10-01 00:00:00			
1755	PER/3/BLK/001	PEMBERIAN BANTUAN BERUPA DANA	KS	1		2013-10-01 00:00:00			
1756	PER/3/BLK/002	PEMBERIAN BANTUAN BERUPA FISIK	KS	1		2013-10-01 00:00:00			
1757	PER/3/BLK/003	PEMBERIAN BANTUAN DANA BEA SISWA DHUAFA	KS	1		2013-10-01 00:00:00			
1758	PER/3/BLK/004	PEMBINAAN DAN SILATURAHMI	KS	1		2013-10-01 00:00:00			
1759	PER/3/BLK/005	PENYALURAN BANTUAN PROGRAM BINA LINGKUNGAN	KS	1		2013-10-01 00:00:00			
1760	PER/3/DU/001	IMPLEMENTASI DAN EVALUASI BUDAYA PERUSAHAAN	KS	1		2013-10-01 00:00:00			
1761	PER/3/KD/001	PEMBERIAN PAS MASUK KENDARAAN	KS	1		2013-10-01 00:00:00			
1762	PER/3/KD/002	TINDAKAN PERTAMA PADA TEMPAT KEJADIAN PERKARA	KS	1		2013-10-01 00:00:00			
1763	PER/3/KD/003	PEMERIKSAAN DOKUMEN DI POS PENJAGAAN PLANT SITE PT. KRAKATAU STEEL	KS	1		2013-10-01 00:00:00			
1764	PER/3/KD/004	PELAKSANAAN PATROLI	KS	1		2013-10-01 00:00:00			
1765	PER/3/KD/005	PENANGANAN KASUS	KS	1		2013-10-01 00:00:00			
1766	PER/3/KD/007	PENANGANAN BARANG BUKTI	KS	1		2013-10-01 00:00:00			
1767	PER/3/KD/008	PENANGANAN UNJUK RASA ITERNAL PT.KRAKATAU STEEL	KS	1		2013-10-01 00:00:00			
1768	PER/3/KD/009	PENANGANAN UNJUK RASA EKSTERNAL DI PT. KRAKATAU STEEL	KS	1		2013-10-01 00:00:00			
1769	PER/3/KD/010	IDENTIFIKASI POTENSI KEADAAN DARURAT	KS	1		2013-10-01 00:00:00			
1770	PER/3/KD/011	PENANGGULANGAN KEADAAN DARURAT	KS	1		2013-10-01 00:00:00			
1771	PER/3/KD/012	PENGGUNAAN PERALATAN SAR	KS	1		2013-10-01 00:00:00			
1772	PER/3/KD/013	PEMERIKSAAN PERSONIL DAN TAMU MASUK / KELUAR AREA PLANT SITE & GEDUNG PERKANTORAN	KS	1		2013-10-01 00:00:00			
1773	PER/3/KD/014	OPERASIONAL DAN PERAWATAN TSUNAMI EARLY WARNING	KS	1		2013-10-01 00:00:00			
1774	PER/3/KD/015	PELAYANAN TAMU KE AREA PLANT SITE	KS	1		2013-10-01 00:00:00			
1775	PER/3/LT/001	INPUT DATA DI SAP R3 UNTUK PENYELESAIAN GAP KOMPETENSI HARD	KS	1		2013-10-01 00:00:00			
1776	PER/3/LT/002	TALENT MANAGEMENT	KS	1		2013-10-01 00:00:00			
1777	PER/3/PI/002	WI, PEMBERIAN PENGHARGAAN MUTU	KS	1		2013-10-01 00:00:00			
1778	PER/3/PI/003	WI PENELITIAN SDM	KS	1		2013-10-01 00:00:00			
1779	PER/3/PI/004	PERSONEL ASSESSMENT	KS	1		2013-10-01 00:00:00			
1780	PER/3/PI/005	WORK INSTRUCTION  PETUNJUK PELAKSANAAN 5 R	KS	1		2013-10-01 00:00:00			
1781	PER/3/PI/008	WORK INSTRUCTION PETUNJUK PELAKSANAAN KONVENSI TINGKAT PERUSAHAAN	KS	1		2013-10-01 00:00:00			
1782	PER/3/PI/011	WORK INSTRUKTION PETUNJUK PELAKSANAAN GUGUS KENDALI MUTU	KS	1		2013-10-01 00:00:00			
1783	PER/3/PI/015	Penyusunan Katalog Kompetensi	KS	1		2013-10-01 00:00:00			
1784	PER/3/PI/017	PROGRAM BEA SISWA	KS	1		2013-10-01 00:00:00			
1785	PER/3/PI/018	INTERNAL EXPERT ASSESSMENT (IEA)	KS	1		2013-10-01 00:00:00			
1786	PER/3/PI/019	PENYUSUNAN REKOMDASI PELATIHAN	KS	1		2013-10-01 00:00:00			
1787	PER/3/PI/301	PERMOHONAN INTRA-PELATIHAN	KS	1		2013-10-01 00:00:00			
1788	PER/3/PK/001	PELAPORAN PENCAPAIAN SASARAN KERJA UNIT	KS	1		2013-10-01 00:00:00			
1789	PER/3/PK/002	PENYUSUNAN & PENILAIAN SASARAN KERJA KARYAWAN DAN PENGHARGAAN KINERJA	KS	1		2013-10-01 00:00:00			
1790	PER/3/PK/003	PETUNJUK PELAKSANAAN QUALITY DAY	KS	1		2013-10-01 00:00:00			
1791	PER/3/PK/004	INSENTIF BERBASIS KINERJA	KS	1		2013-10-01 00:00:00			
1792	PER/3/PK/005	PENJABARAN & PENYUSUNAN SASARAN KERJA UNIT ( S / RK )	KS	1		2013-10-01 00:00:00			
1793	PER/3/PK/007	DISTRIBUSI POTONGAN INSENTIF KARYAWAN	KS	1		2013-10-01 00:00:00			
1794	PER/3/PK/008	INSENTIF PREMIUM	KS	1		2013-10-01 00:00:00			
1795	PER/3/PK/009	INSENTIF PROYEK	KS	1		2013-10-01 00:00:00			
1796	PER/3/PK/011	ASSESSMENT TIM IMPROVEMENT,INOVASI,DAN ASSESSMENT PENGHEMATAN PASCA PDCA	KS	1		2013-10-01 00:00:00			
1797	PER/3/PK/013	INSENTIF INOVASI DAN IMPROVEMENT	KS	1		2013-10-01 00:00:00			
1798	PER/3/PK/014	PEMILIHAN DAN PEMBERIAN PENGHARGAAN KARYAWAN DAN DIVISI TERBAIK	KS	1		2013-10-01 00:00:00			
1799	PER/3/PK/015	TINDAK LANJUT OFI & PENYUSUNAN DOKUMEN APPLICATION SUMMARY	KS	1		2013-10-01 00:00:00			
1800	PER/3/PK/020	PELAKSANAN IMPROVEMENT (GKM/SGA/PKM/FMM/SS)	KS	1		2013-10-01 00:00:00			
1801	PER/3/PK/021	PENGIRIMAN TIM IMPROVEMENT KE KONVENSI MUTU NASIONAL DAN INTERNASIONAL	KS	1		2013-10-01 00:00:00			
1802	PER/3/PL/001	PROSEDUR IDENTIFIKASI ASPEK DAN PENILAIAN DAMPAK LINGKUNGAN	KS	1		2013-10-01 00:00:00			
1803	PER/3/PL/002	PROSEDUR IDENTIFIKASI BAHAYA, PENILAIAN DAN PENGENDALIAN RISIKO	KS	1		2013-10-01 00:00:00			
1804	PER/3/PL/003	PEMANTAUAN LINGKUNGAN	KS	1		2013-10-01 00:00:00			
1805	PER/3/PL/004	KETIDAKSESUAIAN;TINDAK PERBAIKAN DAN PENCEGAHAN BIDANG K3LH	KS	1		2013-10-01 00:00:00			
1806	PER/3/PL/005	PENGAWASAN K.3	KS	1		2013-10-01 00:00:00			
1807	PER/3/PL/006	PENANGANAN KECELAKAAN KERJA	KS	1		2013-10-01 00:00:00			
1808	PER/3/PL/007	PENYULUHAN K3	KS	1		2013-10-01 00:00:00			
1809	PER/3/PL/008	PENYUSUNAN STANDAR K3	KS	1		2013-10-01 00:00:00			
1810	PER/3/PL/009	PENELITIAN KESELAMATAN DAN KESEHATAN KERJA ( K.3 )	KS	1		2013-10-01 00:00:00			
1811	PER/3/PL/010	PENYELENGGARAAN P2K3	KS	1		2013-10-01 00:00:00			
1812	PER/3/PL/011	PENGUJIAN ULANG / SERTIFIKASI PERALATAN / INSTALASI BERBAHAYA	KS	1		2013-10-01 00:00:00			
1813	PER/3/PL/012	PEMBATASAN AKSES DAERAH BERBAHAYA	KS	1		2013-10-01 00:00:00			
1814	PER/3/PL/013	PENGGUNAAN SISTEM PENANDAAN	KS	1		2013-10-01 00:00:00			
1815	PER/3/PL/014	PELAYANAN PERLENGKAPAN P2K3	KS	1		2013-10-01 00:00:00			
1816	PER/3/PL/015	PEMBUATAN,PENDISTRIBUSIAN DAN PEMASANGAN RAMBU / POSTER K3	KS	1		2013-10-01 00:00:00			
1817	PER/3/PL/016	PENGAWASAN RADIOAKTIF	KS	1		2013-10-01 00:00:00			
1818	PER/3/PL/017	KEDARURATAN RADIOAKTIF	KS	1		2013-10-01 00:00:00			
1819	PER/3/PL/018	KOMUNIKASI DAN PELAPORAN K3LH	KS	1		2013-10-01 00:00:00			
1820	PER/3/PL/019	PENGAWASAN KESEHATAN KARYAWAN	KS	1		2013-10-01 00:00:00			
1821	PER/3/PL/020	PENGUJIAN KESEHATAN	KS	1		2013-10-01 00:00:00			
1822	PER/3/PL/021	PEMBERIAN IZIN KERJA BERBAHAYA	KS	1		2013-10-01 00:00:00			
1823	PER/3/PL/022	PENANGANAN PENYAKIT HUBUNGAN KERJA	KS	1		2013-10-01 00:00:00			
1824	PER/3/PL/024	PENGOLAHAN LIMBAH INDUSTRI BAHAN BERBAHAYA DAN BERACUN (B3)	KS	1		2013-10-01 00:00:00			
1825	PER/3/PL/025	SERTIFIKASI OPERATOR/JURU LAS/AHLIK3	KS	1		2013-10-01 00:00:00			
1826	PER/3/PL/026	PEMBERIAN SANGSI PELANGGARAN & KESELAMATAN KESEHATAN KERJA  REKANAN	KS	1		2013-10-01 00:00:00			
1827	PER/3/PL/027	EVALUASI PERATURAN DAN PERUNDANGAN K3 & LINGKUNGAN HIDUP	KS	1		2013-10-01 00:00:00			
1828	PER/3/PL/028	PEMENUHAN PERSYARATAN K3LH UNTUK PENGADAAN JASA & BARANG	KS	1		2013-10-01 00:00:00			
1829	PER/3/PL/029	PENGENDALIAN RISIKO DM (KENCING MANIS)	KS	1		2013-10-01 00:00:00			
1830	PER/3/PO/001	PENYUSUNAN STRUKTUR ORGANISASI	KS	1		2013-10-01 00:00:00			
1831	PER/3/PO/004	PERMOHONAN PELATIHAN	KS	1		2013-10-01 00:00:00			
1832	PER/3/PO/005	PENYUSUNAN URAIAN JABATAN	KS	1		2013-10-01 00:00:00			
1833	PER/3/PO/006	PERHITUNGAN STANDARD KELAS JABATAN STRUKTURAL	KS	1		2013-10-01 00:00:00			
1834	PER/3/PO/007	EVALUASI PENYELENGGARAAN DAN EFEKTIFITAS PELATIHAN	KS	1		2013-10-01 00:00:00			
1835	PER/3/PO/009	PROMOSI DAN MUTASI	KS	1		2013-10-01 00:00:00			
1836	PER/3/PO/010	PROSES PERCERAIAN KARYAWAN PT KRAKATAU STEEL	KS	1		2013-10-01 00:00:00			
1837	PER/3/PO/012	EVALUASI JABATAN	KS	1		2013-10-01 00:00:00			
1838	PER/3/PO/013	REKRUTMEN	KS	1		2013-10-01 00:00:00			
1839	PER/3/PO/014	SISTEM KARIR PETUNJUK TEKNIS	KS	1		2013-10-01 00:00:00			
1840	PER/3/PO/015	PENINJAUAN GRADE JABATAN	KS	1		2013-10-01 00:00:00			
1841	PER/3/PO/016	PENGANGKATAN DIREKSI ANAK PERUSAHAAN	KS	1		2013-10-01 00:00:00			
1842	PER/3/PO/017	ADMINISTRASI HISTORI PENGALAMAN TUGAS/JABATAN	KS	1		2013-10-01 00:00:00			
1843	PER/3/PO/018	PENYUSUNAN KELOMPOK JABATAN DAN JALUR KARIR	KS	1		2013-10-01 00:00:00			
1844	PER/3/PO/019	EVALUASI DAN PENYETARAAN ORGANISASI TIM PROYEK	KS	1		2013-10-01 00:00:00			
1845	PER/3/PO/020	PENANGANAN KARYAWAN SAKIT BERKEPANJANGAN	KS	1		2013-10-01 00:00:00			
1846	PER/3/PO/021	WI KARYAWAN PENUGASAN	KS	1		2013-10-01 00:00:00			
1847	PER/3/PO/022	PENYUSUNAN KATALOG POSISI KUNCI ORGANISASI	KS	1		2013-10-01 00:00:00			
1848	PER/3/PO/023	PEMELIHARAAN OTORISASI PENGGUNA SISTEM SAP/ECC-6	KS	1		2013-10-01 00:00:00			
1849	PER/3/PO/024	PENGELOLAAN TENAGA SEKRETARIS / ADMINISTRASI OUTSOUCHING	KS	1		2013-10-01 00:00:00			
1850	PER/3/PO/025	PENGADAAN DAN PENGENDALIAN TENAGA KERJA PKWT	KS	1		2013-10-01 00:00:00			
1851	PER/3/PO/026	PROFILE JABATAN	KS	1		2013-10-01 00:00:00			
1852	PER/3/PO/027	HUMAN CAPITAL PLANNING	KS	1		2013-10-01 00:00:00			
1853	PER/3/PO/028	WORK PLACE DESIGN	KS	1		2013-10-01 00:00:00			
1854	PER/3/PR/003	WI, CUTI KARYAWAN	KS	1		2013-10-01 00:00:00			
1855	PER/3/PR/004	WI, ADMINISTRASI DATA KEKARYAWANAN	KS	1		2013-10-01 00:00:00			
1856	PER/3/PR/005	KOMPLAIN PEMBAYARAN GAJI/LEMBUR/INSENTIF/TUNJANGAN KARYAWAN	KS	1		2013-10-01 00:00:00			
1857	PER/3/PR/006	PENGURUSAN PEMBUATAN BADGE	KS	1		2013-10-01 00:00:00			
1858	PER/3/PR/007	PROSES PEMBUATAN KARTU BEROBAT	KS	1		2013-10-01 00:00:00			
1859	PER/3/PR/008	KLAIM ASURANSI KECELAKAAN KERJA	KS	1		2013-10-01 00:00:00			
1860	PER/3/PR/009	PERHITUNGAN DAN PEMBAYARAN KOMPENSASI 	KS	1		2013-10-01 00:00:00			
1861	PER/3/PR/010	PENGAJUAN DAN PROSES SURAT PERJALANAN DINAS	KS	1		2013-10-01 00:00:00			
1862	PER/3/PR/011	PROSES SELEKSI PENGELOLA TKK & PPIP (PROG.PENSIUN IUARAN PASTI)PT.KS	KS	1		2013-10-01 00:00:00			
1863	PER/3/PR/012	BANTUAN & PELAYANAN DUKA CITA	KS	1		2013-10-01 00:00:00			
1864	PER/3/PR/013	PENETAPAN DAN PENGGUNAAN STANDAR OBAT RAWAT JALAN	KS	1		2013-10-01 00:00:00			
1865	PER/3/PR/014	REIMBURSMENT	KS	1		2013-10-01 00:00:00			
1866	PER/3/PR/015	BANTUAN REKREASI KARYAWAN DAN KELUARGA	KS	1		2013-10-01 00:00:00			
1867	PER/3/PR/016	MEKANISME BIPARTIT UNTUK PENERBITAN SURAT PERINGATAN	KS	1		2013-10-01 00:00:00			
1868	PER/3/PR/017	PENGISIAN SURVEI UPAH BADAN PUSAT STATISTIK	KS	1		2013-10-01 00:00:00			
1869	PER/3/PR/018	PROSES PEMBAYARAN UPMK KARYAWAN PHK	KS	1		2013-10-01 00:00:00			
1870	PER/3/PR/019	PENGAWASAN PROSES PEMBUATAN SERAGAM KERJA	KS	1		2013-10-01 00:00:00			
1871	PER/3/PR/020	PELAYANAN PEMBERIAN DAN PENARIKAN FASILITAS KERJA KARYAWAN GOLONGAN A DAN B	KS	1		2013-10-01 00:00:00			
1872	PER/3/PR/404	PROSES TRANSAKSI POTONGAN GAJI	KS	1		2013-10-01 00:00:00			
1873	PER/3/PR/407	PEMBAYARAN GAJI KE XIII	KS	1		2013-10-01 00:00:00			
1874	PER/3/PR/409	PENANDATANGANAN SURAT KEPUTUSAN KEPEGAWAIAN	KS	1		2013-10-01 00:00:00			
1875	PER/3/PR/410	PEMBAYARAN TUNJANGAN HARI RAYA KEAGAMAAN	KS	1		2013-10-01 00:00:00			
1876	PER/3/PR/411	PENYEDIAAN DATA UNTUK PROSES INSENTIF PKB	KS	1		2013-10-01 00:00:00			
1877	PER/3/PR/412	PENGELOLAAN TIME MANAGEMENT & PROSES TIME EVALUATION	KS	1		2013-10-01 00:00:00			
1878	PER/3/TI/001	PROSES PERHITUNGAN INSENTIF BERBASIS KINERJA (IBK)	KS	1		2013-10-01 00:00:00			
1879	PER/3/UK/001	PENYALURAN DANA PINJAMAN USAHA KECIL	KS	1		2013-10-01 00:00:00			
1880	PER/3/UK/002	PENGEMBALIAN DANA PINJAMAN USAHA KECIL	KS	1		2013-10-01 00:00:00			
1881	PER/3/UK/003	PENGELUARAN KAS UNIT PKBL	KS	1		2013-10-01 00:00:00			
1882	PER/3/UK/004	PENERIMAAN KAS UNIT PKBL	KS	1		2013-10-01 00:00:00			
1883	PER/3/UK/005	PENANGANAN SURAT JAMINAN USAHA KECIL MITRA BINAAN	KS	1		2013-10-01 00:00:00			
1884	PER/3/UM/001	PENGAWASAN PEKERJAAN DINAS PERAWATAN UMUM	KS	1		2013-10-01 00:00:00			
1885	PER/3/UM/002	PERENC. & PENGENDALIAN ANGGARAN DINAS PERENC.PENGEND.PRWT.& UTILITY	KS	1		2013-10-01 00:00:00			
1886	PER/3/UM/003	PENYUSUTAN DOKUMEN / ARSIP PERUSAHAAN	KS	1		2013-10-01 00:00:00			
1887	PER/3/UM/004	PENANGANAN DOKUMEN / ARSIP INAKTIF	KS	1		2013-10-01 00:00:00			
1888	PER/3/UM/005	PENANDATANGANAN SURAT ATAS PELIMPAHAN WEWENANG	KS	1		2013-10-01 00:00:00			
1889	PER/3/UM/006	PENGENDALIAN SURAT DINAS	KS	1		2013-10-01 00:00:00			
1890	PER/3/UM/007	PERMINTAAN PELAYANAN ANGKUTAN	KS	1		2013-10-01 00:00:00			
1891	PER/3/UM/008	PROSES TAGIHAN TENAGA KERJA JASA BORONGAN	KS	1		2013-10-01 00:00:00			
1892	PER/3/UM/009	ALOKASI DAN PENGATURAN RUMAH DINAS	KS	1		2013-10-01 00:00:00			
1893	PER/3/UM/010	PENYEWAAN & PINJAM PAKAI FASILITAS, BANGUNAN DAN TANAH	KS	1		2013-10-01 00:00:00			
1894	PER/3/UM/011	PENGAWASAN PEK. PERWT / PERBAIKAN PERUMAHAN , PERKANTORAN & KAWASAN	KS	1		2013-10-01 00:00:00			
1895	PER/3/UM/012	PENGECATAN BANGUNAN PERUMAHAN, PERKANTORAN &  FASILITAS SOSIAL / UMUM	KS	1		2013-10-01 00:00:00			
1896	PER/3/UM/013	PENGEMBALIAN RUMAH DINAS EX PENSIUNAN PT. KS	KS	1		2013-10-01 00:00:00			
1897	PER/3/UM/014	BANTUAN UANG PINDAH RUMAH DINAS PT. KRAKATAU STEEL ( PERSERO )	KS	1		2013-10-01 00:00:00			
1898	PER/3/UM/015	STANDARISASI PENERIMAAN DOKUMEN / ARSIP IN-AKTIF	KS	1		2013-10-01 00:00:00			
1899	PER/3/UM/016	PERAWATAN DOKUMEN / ARSIP IN - AKTIF	KS	1		2013-10-01 00:00:00			
1900	PER/3/UP/002	PERANCANGAN PROGRAM PENDIDIKAN DAN PELATIHAN	KS	1		2013-10-01 00:00:00			
1901	PER/3/UP/003	PENGADAAN JASA LEMBAGA PENDIDIKAN DAN PELATIHAN	KS	1		2013-10-01 00:00:00			
1902	PER/3/UP/004	OPERASIONAL PENYELENGGARAAN PENDIDIKAN DAN PELATIHAN	KS	1		2013-10-01 00:00:00			
1903	PER/3/UP/005	PENYEDIAAN FASILTAS PELATIHAN	KS	1		2013-10-01 00:00:00			
1904	PER/3/UP/006	ORDER PELATIHAN PT KRAKATAU STEEL	KS	1		2013-10-01 00:00:00			
1905	PER/3/UP/007	EVALUASI PELAKSANAAN PROGRAM PELATIHAN	KS	1		2013-10-01 00:00:00			
1906	PER/3/UP/008	EVALUASI PASCA PELATIHAN	KS	1		2013-10-01 00:00:00			
1907	PER/3/UP/009	EVALUASI PERBAIKAN MATERI PELATIHAN	KS	1		2013-10-01 00:00:00			
1908	PER/3/UP/010	ADMINISTRASI DIKLAT	KS	1		2013-10-01 00:00:00			
1909	PER/3/UP/011	KATALOG PELATIHAN PUSDIKLAT PT. KRAKATAU STEEL	KS	1		2013-10-01 00:00:00			
1910	PER/3/UP/012	PENGAJUAN PESERTA PELATIHAN EKSTERNAL	KS	1		2013-10-01 00:00:00			
1911	PER/3/UP/013	PENGELOLAAN KONTEN SITUS WEB KMKS (KNOWLEDGE MANAGEMENT KRAKATAU STEEL)	KS	1		2013-10-01 00:00:00			
1912	PER/3/UP/014	PENGADAAN KEBUTUHAN FASILITAS MATERIAL DAN PERALATAN PROGRAM VOCATIONAL TRAINING	KS	1		2013-10-01 00:00:00			
1913	PER/3/UP/015	PELAKSANAAN PRAKTEK KERJA INDUSTRI (PRAKERING & RISET)	KS	1		2013-10-01 00:00:00			
1914	PER/3/UP/016	MANAGEMENT TRAINEE	KS	1		2013-10-01 00:00:00			
1915	PER/3/UP/017	ANALISA KEBUTUHAN PENDIDIKAN & PELATIHAN	KS	1		2013-10-01 00:00:00			
1916	PER/3/UP/025	PENYELENGGARAAN PROGRAM TRANSFER KNOWLEDGE PRA-PENSIUN	KS	1		2013-10-01 00:00:00			
1917	PHP-01	PROSEDUR PENERIMAAN DAN PENANGANAN HASIL PRODUKSI	KS	1		2013-10-01 00:00:00			
1918	PHP-02	PENGIRIMAN HASIL PRODUKSI	KS	1		2013-10-01 00:00:00			
1919	PHP-03	PROSEDUR PENARIKAN PRODUK PT.KS	KS	1		2013-10-01 00:00:00			
1920	PIS-01	PROSEDUR PENGELOLAAN SISTEM INFORMASI MAJEMEN DAN OTOMASI	KS	1		2013-10-01 00:00:00			
1921	PIS-02	PROSEDUR  PENGELOLAAN FASILITAS SIPIL	KS	1		2013-10-01 00:00:00			
1922	PIS-03	PENGELOLAAN PERALATAN PABRIK	KS	1		2013-10-01 00:00:00			
1923	PJN-01	PERENCANAAN DAN PERSIAPAN PENGADAAN JASA NON PEMBANGUNAN	KS	1		2013-10-01 00:00:00			
1924	PJN-02	PENGADAAN JASA NON PEMBANGUNAN	KS	1		2013-10-01 00:00:00			
1925	PJN-03	PENGAWASAN & PENERIMAAN JASA NON PEMBANGUNAN	KS	1		2013-10-01 00:00:00			
1926	PJP-01	PROSEDUR PERENCANAAN DAN PERSIAPAN PENGADAAN JASA PEMBANGUNAN	KS	1		2013-10-01 00:00:00			
1927	PJP-02	PENGADAAN JASA PEMBANGUNAN	KS	1		2013-10-01 00:00:00			
1928	PJP-03	PENGAWASAN DAN PENERIMAAN JASA PEMBANGUNAN	KS	1		2013-10-01 00:00:00			
1929	PJP-04	PROSEDUR EVALUASI DAN SELEKSI KONTRAKTOR	KS	1		2013-10-01 00:00:00			
1930	PMS-01.	PENYUSUNAN MARKETING DAN SALES PLAN	KS	1		2013-10-01 00:00:00			
1931	PMS-02.	PROSEDUR PENJUALAN PRODUK	KS	1		2013-10-01 00:00:00			
1932	PMS-04.	PENELITIAN DAN PENYELIDIKAN PASAR	KS	1		2013-10-01 00:00:00			
1933	PMS-05	PENGENGEMBANGAN PASAR	KS	1		2013-10-01 00:00:00			
1934	PMS-3	PENANGANAN KLAIM DAN KOMPLAIN 	KS	1		2013-10-01 00:00:00			
1935	PPP-01	PERENCANAAN DAN PENGENDALIAN PRODUKSI	KS	1		2013-10-01 00:00:00			
1936	PPR-02	PRODUKSI KAPUR BAKAR	KS	1		2013-10-01 00:00:00			
1937	PPR-03	WATER TREATMENT PROSEDUR	KS	1		2013-10-01 00:00:00			
1938	PPR-04	PROSEDUR PERBAIKAN DAN PEMBUATAN BARANG	KS	1		2013-10-01 00:00:00			
1939	PPR-05	PROSEDUR PRODUKSI DAN DISTRIBUSI GAS INDUSTRI	KS	1		2013-10-01 00:00:00			
1940	PPR-06	PROSEDUR PENGENDALIAN ALAT UKUR DAN UJ	KS	1		2013-10-01 00:00:00			
1941	PRD/3/DR/003	PENCATATAN & PELAPORAN FINES SPONS & FINES PELLET DI PBS	KS	1		2013-10-01 00:00:00			
1942	PRO/3/DP/001	PENYEKRAPAN SUKU CADANG RUSAK	KS	1		2013-10-01 00:00:00			
1943	PRO/3/DR/001	PERMINTAAN & PENERIMAAN SEMEN DI PABRIK BESI SPONS-2 ( HYL.3 )	KS	1		2013-10-01 00:00:00			
1944	PRO/3/DR/002	PENGAWASAN KEGIATAN IN PLANT HANDLING DI DIVISI PABRIK BESI SPONS	KS	1		2013-10-01 00:00:00			
1945	PRO/3/DR/004	PENERIMAAN PELLET/SPONS HASIL AYAK DUMPING AREA	KS	1		2013-10-01 00:00:00			
1946	PRO/3/DR/005	PENANGANAN SPONS GAGAL REDUKSI	KS	1		2013-10-01 00:00:00			
1947	PRO/3/DR/006	TRANSAKSI BESI SPONS DARI DR PLANT KE BSP, SSP I DAN SSP II	KS	1		2013-10-01 00:00:00			
1948	PRO/3/IE/003	PERHITUNGAN TOTAL DANA INSENTIVE SUMBER	KS	1		2013-10-01 00:00:00			
1949	PRO/3/IE/006	REKAPITULASI DANA POTONGAN ABSENSI	KS	1		2013-10-01 00:00:00			
1950	PRO/3/MM/001	PERENCANAAN DESIGN CHARGE PELEBURAN BAJA	KS	1		2013-10-01 00:00:00			
1951	PRO/3/MM/004	PENGENDALIAN DESIGN CHARGE DI PELEBURAN BAJA	KS	1		2013-10-01 00:00:00			
1952	PRO/3/MM/005	PENERIMAAN,PENGANGKUTAN,PENATAAN & PELAYANAN LIMBAH INDUSTRI B3 DAN NON B3	KS	1		2013-10-01 00:00:00			
1953	PRO/3/P100/004	PENGAJUAN PENGADAAN SUKU CADANG MELALUI LMPP DAN PSCO DIV. PRWT PBS	KS	1		2013-10-01 00:00:00			
1954	PRO/3/P100/005	PENGAJUAN PENGADAAN BARANG MELALUI ASREQ DAN MPAT DIVISI PRWT PBS	KS	1		2013-10-01 00:00:00			
1955	PRO/3/P100/006	PENGAJUAN PENGADAAN BARANG MELALUI QUANTITY ORDER DIVISI PRWT PBS	KS	1		2013-10-01 00:00:00			
1956	PRO/3/P100/008	PENANGANAN BREAKDOWN DIVISI PERAWATAN PABRIK BESI SPONS	KS	1		2013-10-01 00:00:00			
1957	PRO/3/P4M/001	PENANGANAN BREAKDOWN DI DIVISI PP IV.	KS	1		2013-10-01 00:00:00			
1958	PRO/3/P4M/002	MANAJEMEN/PENGELOLAAN PERAWATAN DI DIVISI PPIV	KS	1		2013-10-01 00:00:00			
1959	PRO/3/P4M/003	PENGAJUAN ANGGARAN DI DIVISI PPIV	KS	1		2013-10-01 00:00:00			
1960	PRO/3/P4M/004	KEGIATAN  CONTRACT OUT  DI DIVISI PPIV	KS	1		2013-10-01 00:00:00			
1961	PRO/3/P4M/005	KEGIATAN IMPROVEMENT DI DIVISI PPIV	KS	1		2013-10-01 00:00:00			
1962	PRO/3/P4M/006	PELAKSANAAN  MAINTENANCE DAY  DI DIVISI PPIV	KS	1		2013-10-01 00:00:00			
1963	PRO/3/P4M/007	KEGIATAN OVERHAUL DI DIVISI PP.IV	KS	1		2013-10-01 00:00:00			
1964	PRO/3/P4M/008	KEGIATAN  PREDICTIVE MAINTENANCE  DI DIVISI PP IV	KS	1		2013-10-01 00:00:00			
1965	PRO/3/P4M/009	PENGELOLAAN SUKU CADANG DI DIVISI PP.IV	KS	1		2013-10-01 00:00:00			
1966	PRO/3/P4M/010	  PREVENTIVE MAINTENANCE  DI DIVISI PPIV	KS	1		2013-10-01 00:00:00			
1967	PRO/3/P4M/011	PENGELOLAAN BARANG DI SEKSI DIV. PERAWATAN BLD	KS	1		2013-10-01 00:00:00			
1968	PRO/3/P4M/012	PERAWATAN SISTEM MORGOIL	KS	1		2013-10-01 00:00:00			
1969	PRO/3/PE/002	PENGADAAN JASA PERAWATAN PABRIK KONDISI DARURAT	KS	1		2013-10-01 00:00:00			
1970	PRO/3/PE/003	PENGAWASAN DAN PENERIMAAN JASA PERAWATAN PABRIK	KS	1		2013-10-01 00:00:00			
1971	PRO/3/PE/004	PENGADAAN JASA PERAWATAN PABRIK KONDISI TRIAL	KS	1		2013-10-01 00:00:00			
1972	PRO/3/PE/005	PENYELESAIAN MAINTENANCE WORK ORDER (MWO) DIVISI REKAYASA TEKNIK	KS	1		2013-10-01 00:00:00			
1973	PRO/3/PE/006	PENERIMAAN DOKUMEN TEKNIK	KS	1		2013-10-01 00:00:00			
1974	PRO/3/PE/007	PERENCANAAN JASA PERAWATAN PABRIK DAN PERBENGKELAN	KS	1		2013-10-01 00:00:00			
1975	PRO/3/PL/030	PENGENDALIAN RISIKO KESEHATAN & IZIN SAKIT	KS	1		2013-10-01 00:00:00			
1976	PRO/3/PL/031	PERMINTAAN DAN PENGGANTIAN ALAT PELINDUNG DIRI (APD)	KS	1		2013-10-01 00:00:00			
1977	PRO/3/QA/001	VENDOR ASESSMENT	KS	1		2013-10-01 00:00:00			
1978	PRO/3/QA/008	PENGENDALIAN DOKUMEN	KS	1		2013-10-01 00:00:00			
1979	PRO/3/QA/013	QUALITY PLANNING	KS	1		2013-10-01 00:00:00			
1980	PRO/3/QA/015	PENGENDALIAN DOKUMEN STANDAR EKTERNAL	KS	1		2013-10-01 00:00:00			
1981	PRO/3/QA/016	PEMBUATAN STANDAR FORMAT DOKUMEN SMKS	KS	1		2013-10-01 00:00:00			
1982	PRO/3/QA/017	PENDAFTARAN PATEN	KS	1		2013-10-01 00:00:00			
1983	PRO/3/QA/018	KETENTUAN DAN TATACARA PENGGUNAAN LOGO / MARKA ISO, OHSAS & KAN	KS	1		2013-10-01 00:00:00			
1984	PRO/3/QP/001	PERMINTAAN MATERIAL DARI GUDANG LABORATORIUM KIMIA	KS	1		2013-10-01 00:00:00			
1985	PRO/3/QP/002	PENYIAPAN TECHNICAL PROTOKOL	KS	1		2013-10-01 00:00:00			
1986	PRO/3/QP/003	PENYELESAIAN PERMASALAHAN MELALUI RAPAT KORDINASI	KS	1		2013-10-01 00:00:00			
1987	PRO/3/QP/004	PEMERIKSAAN KUALITAS BILLET/BLOOM DAN SLAB IMPOR	KS	1		2013-10-01 00:00:00			
1988	PRO/3/QP/005	UPDATE ADJUSTMENT VARIANT TABLE DENGAN NUMBER (C/N)	KS	1		2013-10-01 00:00:00			
1989	PRO/3/RC/005	PERENCANAAN PENGADAAN SUKU CADANG KONDISI TRIAL	KS	1		2013-10-01 00:00:00			
1990	PRO/3/RC/023	PERENCANAAN JASA PERAWATAN PABRIK DAN PERBENGKELAN	KS	1		2013-10-01 00:00:00			
1991	PRO/3/RC/024	PERENCANAAN JASA PERAWATAN PABRIK DAN PERBENGKELAN KONDISI TRIAL	KS	1		2013-10-01 00:00:00			
1992	PRO/3/RC/025	PROSES PENGADAAN JASA PERAWATAN PABRIK	KS	1		2013-10-01 00:00:00			
1993	PRO/3/RC/026	MAINTAIN ITEM MASTER SUKU CADANG SAP R3	KS	1		2013-10-01 00:00:00			
1994	PRO/3/RM/001	PENENTUAN KELAYAKAN MATERIAL STRATEGIS	KS	1		2013-10-01 00:00:00			
1995	PRO/3/SM/001	TRIAL PELUMAS	KS	1		2013-10-01 00:00:00			
1996	PRO/3/SM/002	REKONDISI PABRIK ( PROYEK )	KS	1		2013-10-01 00:00:00			
1997	PRO/3/SM/003	PROYEK SWAKELOLA	KS	1		2013-10-01 00:00:00			
1998	PRO/3/SM/004	PENGELOLAAN PREDICTIVE MAINTENANCE	KS	1		2013-10-01 00:00:00			
1999	PRO/3/SM/005	PENGELOLAAN IMPROVEMENT MAINTENANCE	KS	1		2013-10-01 00:00:00			
2000	PRO/3/SM/006	PENGELOLAAN CORRECTIVE  MAINTENANCE	KS	1		2013-10-01 00:00:00			
2001	PRO/3/SM/007	PENGELOLAAN BREAKDOWN MAINTENANCE	KS	1		2013-10-01 00:00:00			
2002	PRO/3/SM/008	PENGELOLAAN PERAWATAN RUTIN	KS	1		2013-10-01 00:00:00			
2003	PRO/3/SM/009	PENGELOLAAN OVERHAUL PABRIK	KS	1		2013-10-01 00:00:00			
2004	PRO/3/SM/010	PENGELOLAAN MAINTENANCE DAY	KS	1		2013-10-01 00:00:00			
2005	PRO/3/SM/011	PENGELOLAAN WINDOW MAINTENANCE	KS	1		2013-10-01 00:00:00			
2006	PRO/3/SM/012	PEMBUATAN DAN PERBAIKAN DI WORKSHOP	KS	1		2013-10-01 00:00:00			
2007	PRO/3/SM/013	PENGELOLAAN REFURBISHMENT ORDER 	KS	1		2013-10-01 00:00:00			
2008	PRO/3/SM/014	PENGELOLAAN IN PLANT STOCK (IPS)	KS	1		2013-10-01 00:00:00			
2009	PRO/3/SM/015	PENGELOLAAN TOOLS	KS	1		2013-10-01 00:00:00			
2010	PRO/3/SM/016	PENGELOLAAN EXTERNAL SERVICE PERAWATAN PABRIK	KS	1		2013-10-01 00:00:00			
2011	PRO/3/SM/017	PENGELOLAAN DMS (DOCUMENT MANAGEMENT SYSTEM)	KS	1		2013-10-01 00:00:00			
2012	PRO/3/SR/001	SCRAPPING ROLL	KS	1		2013-10-01 00:00:00			
2013	PRO/3/SR/002	JASA PACKAGING PRODUK CRC/S PPBLD OLEH KONTRAKTOR	KS	1		2013-10-01 00:00:00			
2014	PRO/3/TI/006	PEMBUATAN STUDI PENINGKATAN PRODUKTIVITAS & EFISIENSI	KS	1		2013-10-01 00:00:00			
2015	PRO/3/TI/008	PENGELOLAAN APLIKASI DASHBOARD SCM	KS	1		2013-10-01 00:00:00			
2016	PRO/3/TI/009	PENGELOLAAN BILL OF MATERIAL, ROUTING DAN PRODUCT VERSION DI SAP	KS	1		2013-10-01 00:00:00			
2017	PRO/3/UT/001	PENANGANAAN LIMBAH INDUSTRI DILOKASI DUMPING AREA PT. KS	KS	1		2013-10-01 00:00:00			
2018	PRO/3/WS/002	KONTRAK BENGKEL PEKERJAAN PERBAIKAN PERALATAN PABRIK DI DIVISI PL & P	KS	1		2013-10-01 00:00:00			
2019	PRO/3/WS/003	KONTRAK JASA PEKERJAAN PERBAIKAN PERALATAN PABRIK DI DIVISI PL & P 	KS	1		2013-10-01 00:00:00			
2020	PRO-01	PROSEDUR PRODUKSI	KS	1		2013-10-01 00:00:00			
2021	PRO-02	PENGENDALIAN PRODUK TIDAK SESUAI 	KS	1		2013-10-01 00:00:00			
2022	QM 101	PANDUAN MUTU LABORATORIUM KIMIA & MEKANIK	KS	1		2013-10-01 00:00:00			
2023	QM 102	PANDUAN MUTU LABORATORIUM KALIBRASI 	KS	1		2013-10-01 00:00:00			
2024	QM 103	PANDUAN MUTU LABORATORIUM LINGKUNGAN	KS	1		2013-10-01 00:00:00			
2025	QP/PG00/005	SPESIFIKASI DAN PEDOMAN PEMB. SLAB & HRC GRADE OAL520AT & OK0505AP	KS	1		2013-10-01 00:00:00			
2026	QP/PG00/006	SPESIFIKASI DAN PEDOMAN PEMBUATAN SLAB DAN HRC INTERNAL GRADE	KS	1		2013-10-01 00:00:00			
2027	R&D-01	PERENCANAAN & PENGEMBANGAN PRODUK	KS	1		2013-10-01 00:00:00			
2028	R&D-02	TRIAL PENGEMBANGAN PRODUK	KS	1		2013-10-01 00:00:00			
2029	R&D-03	PERENCANAN MATERIAL STRATEGIS	KS	1		2013-10-01 00:00:00			
2030	R&D-04	TRIAL/IMPLEMENTASI PENGEMBANGAN PROSES DAN MATERIAL STRATEGIS	KS	1		2013-10-01 00:00:00			
2031	R&D-05	KAJIAN ENERGI DAN SUMBER DAYA	KS	1		2013-10-01 00:00:00			
2032	R&D-06	TRIAL ENERGI DAN SUMBER DAYA	KS	1		2013-10-01 00:00:00			
2033	SD/001	PEDOMAN SINERGI KS GROUP BIDANG  SATUAN PENGAWASAN INTEREN	KS	1		2013-10-01 00:00:00			
2034	SD/002	SINERGI KS GROUP BIDANG HUB.MASYARAKATAN	KS	1		2013-10-01 00:00:00			
2035	SPR/3/CC/001	PENGELOLAAN WEB SITE PERUSAHAAN	KS	1		2013-10-01 00:00:00			
2036	SPR/3/CG/001	MONITORING TINDAK LANJUT KEPUTUSAN RUPS	KS	1		2013-10-01 00:00:00			
2037	SPR/3/CG/002	MONITORING IMPLEMENTASI GOOD KRAKATAU STEEL GOVERNANCE	KS	1		2013-10-01 00:00:00			
2038	SPR/3/CS/001	PEMBERIAN BANTUAN SPONSORSHIP KEPADA PIHAK KETIGA 	KS	1		2013-10-01 00:00:00			
2039	SPR/3/CS/002	PENYELENGGARAAN RAPAT UMUM PEMEGANG SAHAM	KS	1		2013-10-01 00:00:00			
2040	SPR/3/HK/001	PENANGANAN PERKARA	KS	1		2013-10-01 00:00:00			
2041	SPR/3/HK/002	PEMBUATAN DOKUMEN HUKUM	KS	1		2013-10-01 00:00:00			
2042	SPR/3/HK/003	BANTUAN HUKUM	KS	1		2013-10-01 00:00:00			
2043	SPR/3/HK/004	PENGURUSAN DOKUMEN HUKUM PERUSAHAAN	KS	1		2013-10-01 00:00:00			
2044	SPR/3/HK/005	PEMBUATAN SURAT KEPUTUSAN DAN DOKUMEN HUKUM LAINNYA	KS	1		2013-10-01 00:00:00			
2045	SPR/3/HK/006	PENANGANAN PERKARA/KASUS PERDATA DAN KETENAGAKERJAAN	KS	1		2013-10-01 00:00:00			
2046	SPR/3/HK/007	PEMBUATAN LEGAL OPINION	KS	1		2013-10-01 00:00:00			
2047	SPR/3/HK/008	PENGELUARAN DOKUMEN PT. KRAKATAU STEEL ( PERSERO ) UNTUK URUSAN PENANGANAN PERKARA HUKUM	KS	1		2013-10-01 00:00:00			
2048	SPR/3/HP/001	WORK INSTRUCTION PARTISIPASI IKLAN DAN SPONSORSHIP	KS	1		2013-10-01 00:00:00			
2049	SPR/3/HP/002	PARTISIPASI PAMERAN	KS	1		2013-10-01 00:00:00			
2050	SPR/3/HP/003	WORK INSTRUCTION  PROTOKOLER PELAYANAN TAMU	KS	1		2013-10-01 00:00:00			
2051	SPR/3/HP/004	WORK INSTRUCTION PROTOKOLER ACARA PERUSAHAAN	KS	1		2013-10-01 00:00:00			
2052	SPR/3/HP/005	PELAYANAN TAMU PERUSAHAAN DAN FASILITAS	KS	1		2013-10-01 00:00:00			
2053	SPR/3/PJ/001	PELAYANAN PERJALANAN DINAS DIREKSI/ KOMISARIS	KS	1		2013-10-01 00:00:00			
2054	SPR/3/PJ/002	PELAYANAN MAKAN,SNACK DIREKSI/KOMISARIS	KS	1		2013-10-01 00:00:00			
2055	SPR/3/PJ/003	PERMINTAAN PESANAN KENDARAAN (PPK) UNTUK PEJABAT & TAMU PERUSAHAAN	KS	1		2013-10-01 00:00:00			
2056	SPR/3/PJ/004	PENGADAAN JASA NON PEMBANGUNAN UNTUK KEBUTUHAN PERKANTORAN JAKARTA	KS	1		2013-10-01 00:00:00			
2057	SPR/3/PJ/005	PENGADAAN BARANG UNTUK KEBUTUHAN PERKANTORAN JAKARTA	KS	1		2013-10-01 00:00:00			
2058	SPR/3/PJ/006	PENGADAAN BARANG & JASA NON PEMBANGUNAN UNTUK PERKANTORAN JAKARTA	KS	1		2013-10-01 00:00:00			
2059	TDP/3/MP/001	PENYUSUNAN TIM MANAJEMEN PROYEK	KS	1		2013-10-01 00:00:00			
2060	TDP/3/MP/002	PROJECT REPORTING	KS	1		2013-10-01 00:00:00			
2061	TE/001	PETUNJUK PELAKSANAAN PERSIAPAN DAN PELAKSANAAN PROY EKSP MINI MILL	KS	1		2013-10-01 00:00:00			
2062	TE/002	PETUNJUK PELAKSANAAN TENDER EPC & FINANC PROY.THIN SLAB FLAT ROL MILL	KS	1		2013-10-01 00:00:00			
2063	TEC/3/AS/001	PERHITUNGAN TARIF & KEUNTUNGAN JASA	KS	1		2013-10-01 00:00:00			
2064	TEC/3/DL/001	WI, EVALUASI TEKNOLOGI & NOMINATED EPC	KS	1		2013-10-01 00:00:00			
2065	TEC/3/ED00/002	PROS.STD.PENAMAAN ID.PROG.KODE TRANSAKSI ID.DBASE.ID.TABLE SPACE SUB	KS	1		2013-10-01 00:00:00			
2066	TEC/3/ED00/003	DAFTAR DOKUMENTASI SISTEM KOMPUTER	KS	1		2013-10-01 00:00:00			
2067	TEC/3/ED00/004	PENGGUNAAN EMAIL UNTUK KEDINASAN	KS	1		2013-10-01 00:00:00			
2068	TEC/3/ED01/001	OPERATOR KOMPUTER MAINFRAME	KS	1		2013-10-01 00:00:00			
2069	TEC/3/ED01/004	BACK UP TABLE SPACE PCS-2	KS	1		2013-10-01 00:00:00			
2070	TEC/3/ED01/005	BACK UP DATASET APLIKASI PCS-2	KS	1		2013-10-01 00:00:00			
2071	TEC/3/ED01/006	BACK UP SISTEM DB2	KS	1		2013-10-01 00:00:00			
2072	TEC/3/ED01/007	BACK UP VOLUME	KS	1		2013-10-01 00:00:00			
2073	TEC/3/ED01/016	BACK UP SYS1 MAN	KS	1		2013-10-01 00:00:00			
2074	TEC/3/ED01/017	BACK UP SYSLOG	KS	1		2013-10-01 00:00:00			
2075	TEC/3/ED01/018	BACK UP SPOOL	KS	1		2013-10-01 00:00:00			
2076	TEC/3/ED01/019	SYSTEM HOT BACK UP	KS	1		2013-10-01 00:00:00			
2077	TEC/3/ED01/020	PENGIRIMAN DAN PENYIMPANAN DATA BACK-UP	KS	1		2013-10-01 00:00:00			
2078	TEC/3/ED01/021	PROSEDUR MAINTENANCE SOFTWARE	KS	1		2013-10-01 00:00:00			
2079	TEC/3/ED01/022	PROSEDUR MAINTENANCE HARDWARE	KS	1		2013-10-01 00:00:00			
2080	TEC/3/ED01/026	PROSEDUR PERUBAHAN SISTEM	KS	1		2013-10-01 00:00:00			
2081	TEC/3/ED01/063	WI PREVENTIVE MAINTENANCE KOMPUTER	KS	1		2013-10-01 00:00:00			
2082	TEC/3/IS/005	STUDI TEKNIS PERALATAN PABRIK BESI & BAJA	KS	1		2013-10-01 00:00:00			
2083	TEC/3/PF/003	PENYERAHAN SISTEM INFORMASI MANAJEMEN	KS	1		2013-10-01 00:00:00			
2084	TEC/3/PG/001	MEKANISME KERJA RISET DAN PENGEMBANGAN PRODUK	KS	1		2013-10-01 00:00:00			
2085	TEC/3/PG/002	TRIAL INTERNAL PENGEMBANGAN PRODUK	KS	1		2013-10-01 00:00:00			
2086	TEC/3/PG/003	PERCOBAAN INTERNAL PENGEMBANGAN PRODUK BAJA BATANGAN	KS	1		2013-10-01 00:00:00			
2087	TEC/3/PG/004	PERCOBAAN EKSTERNAL	KS	1		2013-10-01 00:00:00			
2088	TEC/3/PG/005	STUDI DAN PENELITIAN PENGEMBANGAN PRODUK	KS	1		2013-10-01 00:00:00			
2089	TEC/3/PG/007	REVISI PRODUCT DESIGN BAJA LEMBARAN	KS	1		2013-10-01 00:00:00			
2090	TEC/3/PG/008	WI,REVISI QUALITY SCHEDULE & ANALYSIS SCHEDULE BAJA BATANGAN	KS	1		2013-10-01 00:00:00			
2091	TEC/3/PG/009	PERANCANGAN PRODUK DAN PERSIAPAN TRIAL	KS	1		2013-10-01 00:00:00			
2092	TEC/3/PG/010	STANDARISASI PRODUK	KS	1		2013-10-01 00:00:00			
2093	TEC/3/PM/002	ANALISA KEGAGALAN PRODUK	KS	1		2013-10-01 00:00:00			
2094	TEC/3/PM/003	WI PEMERIKSAAN HASIL LAS PADA PIPA DENGAN UJI TARIK TDK MERUSAK	KS	1		2013-10-01 00:00:00			
2095	TEC/3/PM/004	SISTEM & PROSEDUR ORDER PENGUJIAN MATERIAL	KS	1		2013-10-01 00:00:00			
2096	TEC/3/PM/005	ANALISA KARAKTERISTIK STRUKTURMICRO BAJA	KS	1		2013-10-01 00:00:00			
2097	TEC/3/PM/006	PENGUJIAN STICKING INDEX	KS	1		2013-10-01 00:00:00			
2098	TEC/3/PM/007	PEMERIKSAAN WORK ROLL DENGAN UJI TIDAK MERUSAK	KS	1		2013-10-01 00:00:00			
2099	TEC/3/PM/010	WI, PEMERIKSAAN KARAKTERISTIK WIRE ROD	KS	1		2013-10-01 00:00:00			
2100	TEC/3/PM/011	WI, METODA PEMERIKSAAN BESAR BUTIR AUSTENIT	KS	1		2013-10-01 00:00:00			
2101	TEC/3/PM/012	WI ANALISA CACAT PINGGIR (EDGE CRACK)	KS	1		2013-10-01 00:00:00			
2102	TEC/3/PM/013	PELAYANAN JASA PENGUJIAN MATERIAL DARI DIV.ATE & PJNC	KS	1		2013-10-01 00:00:00			
2103	TEC/3/PM/014	PENGUJIAN DAN SIMULASI MATERIAL	KS	1		2013-10-01 00:00:00			
2104	TEC/3/PM/015	PENGENDALIAN KEBUTUHAN BARANG TERKAIT DENGAN RISBANG	KS	1		2013-10-01 00:00:00			
2105	TEC/3/PM/016	PENGUJIAN BIJIH BESI UNTUK REAKTOR IRON MAKING HYL-1 & HYL-3	KS	1		2013-10-01 00:00:00			
2106	TEC/3/PPTI/001	PEMBUATAN TERM OF REFERENCE (TOR) DAN ENGINEERING ESTIMATE,PEK.TEK.IN	KS	1		2013-10-01 00:00:00			
2107	TEC/3/PPTI/002	IMPLEMENTASI PENGEMBANGAN SISTEM INFORMASI MANAJEMEN	KS	1		2013-10-01 00:00:00			
2108	TEC/3/QP/001	PROSES PENERIMAAN MATERIAL BB&BP DI PT.KS	KS	1		2013-10-01 00:00:00			
2109	TEC/3/QP/003	PEMERIKSAAN KUALITAS HRC IMPORT	KS	1		2013-10-01 00:00:00			
2110	TEC/3/RM/001	WORK INSTRUCTION PROYEK PENGEMBANGAN PROSES	KS	1		2013-10-01 00:00:00			
2111	TEC/3/RM/002	PROS.KERJA TIM TASK FORCE PENGEMB.PROS.&MUTU KASUS PEN.CLAIM NAKAJIMA	KS	1		2013-10-01 00:00:00			
2112	TEC/3/RM/003	IMPLEMENTASI PROGRAM PENGEMBANGAN PROSES DAN KONSERVASI ENERGI	KS	1		2013-10-01 00:00:00			
2113	TEC/3/SR/004	CATALOGING MICROSTRUCTURE	KS	1		2013-10-01 00:00:00			
2114	TEC/3/TE/004	IMPLEMENTASI PEKERJAAN OTOMASI	KS	1		2013-10-01 00:00:00			
2115	TEC/3/TE00/001	PEMBUATAN TERM OF REFERENCE (TOR) PEKERJAAN TEKNOLOGI OTOMASI PROSES	KS	1		2013-10-01 00:00:00			
2116	TEC/3/TE00/002	PEMBUATAN ENGINEERING ESTIMATE (EE) PEKERJAAN TEKNOLOGI OTOMASI PROSE	KS	1		2013-10-01 00:00:00			
2117	TEC/3/TE00/003	PEMBUATAN PRE-FEASIBILITY STUDY  PEKERJAAN  TEKNOLOGI OTOMASI PROSES	KS	1		2013-10-01 00:00:00			
2118	TEC/3/TE00/005	PEMBUATAN BERITA SERAH TERIMA PEKERJAAN TEKNOLOGI OTOMASI PROSES	KS	1		2013-10-01 00:00:00			
2119	TEC/3/TJ/001	PEMBUATAN LAPORAN PEMAKAIAN DERMAGA PELSUS CIGADING	KS	1		2013-10-01 00:00:00			
2120	TEC/3/TJ/002	SELEKSI & PRIORITAS USULAN ANGGARAN PEMBANGUNAN RUTIN	KS	1		2013-10-01 00:00:00			
2121	TEC/3/TJ/003	REVIEW FEASIBILITY STUDY PROYEK PEMBANGUNAN RUTIN	KS	1		2013-10-01 00:00:00			
2122	TEC/3/TN00/001	RAPAT KOORDINASI	KS	1		2013-10-01 00:00:00			
2123	TEC/3/TP/001	PEDOMAN UMUM PENGADAAN PERANGKAT KERAS KOMPUTER DENGAN SIST. SEWA	KS	1		2013-10-01 00:00:00			
2124	TEC/3/UB/001	PEMBUATAN LAPORAN DAN PENJADWALAN PROYEK	KS	1		2013-10-01 00:00:00			
2125	TEC/3/UB/002	PERENCANAAN PEMBANGUNAN	KS	1		2013-10-01 00:00:00			
2126	TEC/3/UB/003	PENJADWALAN PROYEK	KS	1		2013-10-01 00:00:00			
2127	TEC/3/UB/004	PEMBUATAN OWNER ESTIMATE	KS	1		2013-10-01 00:00:00			
2128	TEC/3/UB/005	PEMBUATAN LAPORAN PROYEK	KS	1		2013-10-01 00:00:00			
2129	TEC/3/UB/006	PEMBUATAN KONTRAK/JOB ORDER	KS	1		2013-10-01 00:00:00			
2130	TEC/3/UB/007	PENGAWASAN DAN PENERIMAAN JASA PEMBANGUNAN	KS	1		2013-10-01 00:00:00			
2131	TEK-01	PROSEDUR KAJIAN STRATEGI TEKNOLOGI DAN PRODUK	KS	1		2013-10-01 00:00:00			
2132	TEK-02	PROSEDUR  KAJIAN/STUDI TEKNOLOGI	KS	1		2013-10-01 00:00:00			
2133	TJM-01	PROGRAM KEMITRAAN DAN BINA LINGKUNGAN	KS	1		2013-10-01 00:00:00			
2134	TJM-02.	PROSEDUR KESEKRETARIATAN DAN KOMUNIKASI PERUSAHAAN	KS	1		2013-10-01 00:00:00			
2135	TLC-01	IDENTIFIKSI ASPEK LINGKUNGAN DAN BISNIS PERUSAHAAN	KS	1		2013-10-01 00:00:00			
2136	TLC-02	Identifikasi & Evaluasi Peraturan Perundang-undangan, Aspek Lingkungan & Bisnis Perusahaan	KS	1		2013-10-01 00:00:00			
2137	TLC-03	PENYUSUNAN PROGRAM PENGENDALIAN DAMPAK INDUSTRI	KS	1		2013-10-01 00:00:00			
2138	TLC-04	PROSEDUR TANGGAP DARURAT	KS	1		2013-10-01 00:00:00			
2139	TLC-05	PENGAMANAN ASET PERUSAHAAN	KS	1		2013-10-01 00:00:00			
